code,name,sector
600176,中国巨石,玻璃行业
600184,光电股份,玻璃行业
600293,三峡新材,玻璃行业
600529,山东药玻,玻璃行业
600552,凯盛科技,玻璃行业
600586,金晶科技,玻璃行业
600629,华建集团,玻璃行业
600819,耀皮玻璃,玻璃行业
600876,凯盛新能,玻璃行业
601636,旗滨集团,玻璃行业
603021,*ST华鹏,玻璃行业
603601,再升科技,玻璃行业
000012,南 玻Ａ,玻璃行业
002571,德力股份,玻璃行业
002623,亚玛顿,玻璃行业
300093,金刚光伏,玻璃行业
300160,秀强股份,玻璃行业
300196,长海股份,玻璃行业
300395,菲利华,玻璃行业
600072,中船科技,船舶制造
600150,中国船舶,船舶制造
600685,中船防务,船舶制造
601890,亚星锚链,船舶制造
601989,中国重工,船舶制造
002608,江苏国信,船舶制造
300008,天海防务,船舶制造
300123,ST亚光,船舶制造
600037,歌华有线,传媒娱乐
600088,中视传媒,传媒娱乐
600234,科新发展,传媒娱乐
600373,中文传媒,传媒娱乐
600551,时代出版,传媒娱乐
600633,浙数文化,传媒娱乐
600637,东方明珠,传媒娱乐
600757,长江传媒,传媒娱乐
600825,新华传媒,传媒娱乐
600831,广电网络,传媒娱乐
600959,江苏有线,传媒娱乐
601098,中南传媒,传媒娱乐
601801,皖新传媒,传媒娱乐
601928,凤凰传媒,传媒娱乐
601929,吉视传媒,传媒娱乐
601999,出版传媒,传媒娱乐
000156,华数传媒,传媒娱乐
000504,南华生物,传媒娱乐
000607,华媒控股,传媒娱乐
000665,湖北广电,传媒娱乐
000719,中原传媒,传媒娱乐
000793,ST华闻,传媒娱乐
000835,长动退,传媒娱乐
000917,电广传媒,传媒娱乐
002071,长城退,传媒娱乐
002143,印纪退,传媒娱乐
002181,粤 传 媒,传媒娱乐
002238,天威视讯,传媒娱乐
002292,奥飞娱乐,传媒娱乐
002624,完美世界,传媒娱乐
002712,思美传媒,传媒娱乐
002739,儒意电影,传媒娱乐
300027,ST华谊,传媒娱乐
300133,华策影视,传媒娱乐
300148,天舟文化,传媒娱乐
300251,光线传媒,传媒娱乐
300291,百纳千成,传媒娱乐
300336,新文退,传媒娱乐
300364,中文在线,传媒娱乐
300426,华智数媒,传媒娱乐
600011,华能国际,电力行业
600021,上海电力,电力行业
600023,浙能电力,电力行业
600027,华电国际,电力行业
600098,广州发展,电力行业
600101,明星电力,电力行业
600110,诺德股份,电力行业
600116,三峡水利,电力行业
600131,国网信通,电力行业
600236,桂冠电力,电力行业
600310,广西能源,电力行业
600396,华电辽能,电力行业
600452,涪陵电力,电力行业
600483,福能股份,电力行业
600505,西昌电力,电力行业
600509,天富能源,电力行业
600578,京能电力,电力行业
600642,申能股份,电力行业
600644,乐山电力,电力行业
600674,川投能源,电力行业
600726,华电能源,电力行业
600744,华银电力,电力行业
600769,祥龙电业,电力行业
600780,通宝能源,电力行业
600795,国电电力,电力行业
600863,华能蒙电,电力行业
600864,哈投股份,电力行业
600868,梅雁吉祥,电力行业
600869,远东股份,电力行业
600886,国投电力,电力行业
600900,长江电力,电力行业
600969,郴电国际,电力行业
600979,广安爱众,电力行业
600995,南网储能,电力行业
601016,节能风电,电力行业
601991,大唐发电,电力行业
000027,深圳能源,电力行业
000037,深南电A,电力行业
000531,穗恒运Ａ,电力行业
000539,粤电力Ａ,电力行业
000543,皖能电力,电力行业
000600,建投能源,电力行业
000601,韶能股份,电力行业
000602,金马集团,电力行业
000690,宝新能源,电力行业
000720,新能泰山,电力行业
000722,湖南发展,电力行业
000767,晋控电力,电力行业
000791,甘肃能源,电力行业
000862,银星能源,电力行业
000875,电投绿能,电力行业
000883,湖北能源,电力行业
000899,赣能股份,电力行业
000939,凯迪退,电力行业
000958,电投产融,电力行业
000966,长源电力,电力行业
000993,闽东电力,电力行业
001896,豫能控股,电力行业
002039,黔源电力,电力行业
002479,富春环保,电力行业
002692,远程股份,电力行业
300423,昇辉科技,电力行业
600112,*ST天成,电器行业
600202,哈空调,电器行业
600379,宝光股份,电器行业
600405,动力源,电器行业
600468,百利电气,电器行业
600482,中国动力,电器行业
600560,金自天正,电器行业
600577,精达股份,电器行业
600847,万里股份,电器行业
600885,宏发股份,电器行业
601311,骆驼股份,电器行业
601616,广电电气,电器行业
603015,弘讯科技,电器行业
603606,东方电缆,电器行业
603703,盛洋科技,电器行业
603988,中电电机,电器行业
000049,德赛电池,电器行业
000922,佳电股份,电器行业
002164,宁波东力,电器行业
002176,江特电机,电器行业
002249,大洋电机,电器行业
002266,浙富控股,电器行业
002298,中电鑫龙,电器行业
002309,中利集团,电器行业
002322,理工能科,电器行业
002334,英威腾,电器行业
002335,科华数据,电器行业
002339,积成电子,电器行业
002364,中恒电气,电器行业
002380,科远智慧,电器行业
002452,长高电气,电器行业
002546,新联电子,电器行业
002576,通达动力,电器行业
002580,圣阳股份,电器行业
002606,大连电瓷,电器行业
002617,露笑科技,电器行业
002647,仁东控股,电器行业
002664,信质集团,电器行业
002665,ST航高,电器行业
002670,国盛证券,电器行业
002684,猛狮退,电器行业
002706,良信股份,电器行业
002730,电光科技,电器行业
002733,雄韬股份,电器行业
300068,ST南都,电器行业
300140,节能环境,电器行业
300217,东方电热,电器行业
300222,科大智能,电器行业
300252,金信诺,电器行业
300265,通光线缆,电器行业
300274,阳光电源,电器行业
300283,温州宏丰,电器行业
300356,光一退,电器行业
300376,易事特,电器行业
300403,汉宇集团,电器行业
300407,凯发电气,电器行业
300438,鹏辉能源,电器行业
300447,全信股份,电器行业
600083,*ST博信,电子器件
600151,航天机电,电子器件
600171,上海贝岭,电子器件
600183,生益科技,电子器件
600203,福日电子,电子器件
600206,有研新材,电子器件
600207,安彩高科,电子器件
600237,铜峰电子,电子器件
600353,旭光电子,电子器件
600355,*ST精伦,电子器件
600360,华微电子,电子器件
600363,联创光电,电子器件
600401,退市海润,电子器件
600460,士兰微,电子器件
600478,科力远,电子器件
600537,*ST亿晶,电子器件
600563,法拉电子,电子器件
600584,长电科技,电子器件
600602,云赛智联,电子器件
600667,太极实业,电子器件
600703,三安光电,电子器件
600707,彩虹股份,电子器件
600747,退市大控,电子器件
600817,宇通重工,电子器件
600980,北矿科技,电子器件
601012,隆基绿能,电子器件
601231,环旭电子,电子器件
601908,京运通,电子器件
603005,晶方科技,电子器件
603118,共进股份,电子器件
603328,依顿电子,电子器件
603678,火炬电子,电子器件
000020,深华发Ａ,电子器件
000050,深天马Ａ,电子器件
000058,深 赛 格,电子器件
000068,华控赛格,电子器件
000413,ST旭电,电子器件
000536,华映科技,电子器件
000636,风华高科,电子器件
000670,盈方微,电子器件
000725,京东方Ａ,电子器件
000727,冠捷科技,电子器件
000733,振华科技,电子器件
000810,创维数字,电子器件
000823,超声电子,电子器件
002025,航天电器,电子器件
002045,国光电器,电子器件
002049,紫光国微,电子器件
002055,ST得润,电子器件
002056,横店东磁,电子器件
002057,中钢天源,电子器件
002079,苏州固锝,电子器件
002104,恒宝股份,电子器件
002106,莱宝高科,电子器件
002119,康强电子,电子器件
002129,TCL中环,电子器件
002134,天津普林,电子器件
002137,实益达,电子器件
002138,顺络电子,电子器件
002139,拓邦股份,电子器件
002141,贤丰控股,电子器件
002156,通富微电,电子器件
002179,中航光电,电子器件
002185,华天科技,电子器件
002188,中天服务,电子器件
002189,中光学,电子器件
002199,东晶电子,电子器件
002217,ST合力泰,电子器件
002218,拓日新能,电子器件
002222,福晶科技,电子器件
002241,歌尔股份,电子器件
002273,水晶光电,电子器件
002288,*ST超华,电子器件
002289,宇顺电子,电子器件
002371,北方华创,电子器件
002388,新亚制程,电子器件
002389,航天彩虹,电子器件
002402,和而泰,电子器件
002426,胜利精密,电子器件
002436,兴森科技,电子器件
002449,国星光电,电子器件
002456,欧菲光,电子器件
002463,沪电股份,电子器件
002475,立讯精密,电子器件
002484,江海股份,电子器件
002504,*ST弘高,电子器件
002506,协鑫集成,电子器件
002512,ST达华,电子器件
002579,中京电子,电子器件
002587,奥拓电子,电子器件
002600,领益智造,电子器件
002618,丹邦退,电子器件
002636,金安国纪,电子器件
002638,勤上股份,电子器件
002654,万润科技,电子器件
002655,共达电声,电子器件
002724,海洋王,电子器件
002729,好利科技,电子器件
002745,木林森,电子器件
300014,亿纬锂能,电子器件
300029,天龙退,电子器件
300032,金龙机电,电子器件
300046,台基股份,电子器件
300053,航宇微,电子器件
300077,国民技术,电子器件
300078,思创智联,电子器件
300083,创世纪,电子器件
300088,长信科技,电子器件
300102,乾照光电,电子器件
300111,向日葵,电子器件
300114,中航电测,电子器件
300115,长盈精密,电子器件
300118,东方日升,电子器件
300127,银河磁体,电子器件
300128,锦富技术,电子器件
300131,英唐智控,电子器件
300139,晓程科技,电子器件
300154,瑞凌股份,电子器件
300155,安居宝,电子器件
300162,雷曼光电,电子器件
300184,力源信息,电子器件
300205,*ST天喻,电子器件
300207,欣旺达,电子器件
300215,电科院,电子器件
300219,鸿利智汇,电子器件
300220,金运激光,电子器件
300223,君正股份,电子器件
300224,正海磁材,电子器件
300227,光韵达,电子器件
300232,洲明科技,电子器件
300241,瑞丰光电,电子器件
300242,佳云科技,电子器件
300256,星星科技,电子器件
300269,联建光电,电子器件
300279,和晶科技,电子器件
300296,利亚德,电子器件
300301,ST长方,电子器件
300303,聚飞光电,电子器件
300317,珈伟新能,电子器件
300319,麦捷科技,电子器件
300323,华灿光电,电子器件
300327,中颖电子,电子器件
300331,苏大维格,电子器件
300340,科恒股份,电子器件
300342,天银机电,电子器件
300346,南大光电,电子器件
300351,永贵电器,电子器件
300373,扬杰科技,电子器件
300389,艾比森,电子器件
300408,三环集团,电子器件
300414,中光防雷,电子器件
300433,蓝思科技,电子器件
600050,中国联通,电子信息
600074,退市保千,电子信息
600076,康欣新材,电子信息
600100,同方股份,电子信息
600105,永鼎股份,电子信息
600130,波导股份,电子信息
600198,大唐电信,电子信息
600271,航天信息,电子信息
600288,大恒科技,电子信息
600289,ST信通,电子信息
600330,天通股份,电子信息
600345,长江通信,电子信息
600406,国电南瑞,电子信息
600410,华胜天成,电子信息
600446,金证股份,电子信息
600455,博通股份,电子信息
600476,*ST湘邮,电子信息
600485,*ST信威,电子信息
600487,亨通光电,电子信息
600498,烽火通信,电子信息
600522,中天科技,电子信息
600536,中国软件,电子信息
600556,天下秀,电子信息
600562,国睿科技,电子信息
600570,恒生电子,电子信息
600571,信雅达,电子信息
600588,用友网络,电子信息
600601,方正科技,电子信息
600608,退市沪科,电子信息
600654,中安科,电子信息
600677,*ST航通,电子信息
600680,*ST上普,电子信息
600718,东软集团,电子信息
600728,佳都科技,电子信息
600734,*ST实达,电子信息
600756,浪潮软件,电子信息
600764,中国海防,电子信息
600775,南京熊猫,电子信息
600776,东方通信,电子信息
600797,浙大网新,电子信息
600804,退市鹏博,电子信息
600845,宝信软件,电子信息
600850,电科数字,电子信息
600990,四创电子,电子信息
601519,大智慧,电子信息
603000,人民网,电子信息
603019,中科曙光,电子信息
603025,大豪科技,电子信息
603636,南威软件,电子信息
000021,深科技,电子信息
000032,深桑达Ａ,电子信息
000035,中国天楹,电子信息
000063,中兴通讯,电子信息
000066,中国长城,电子信息
000070,特发信息,电子信息
000503,国新健康,电子信息
000532,华金资本,电子信息
000547,航天发展,电子信息
000555,神州信息,电子信息
000561,烽火电子,电子信息
000586,汇源通信,电子信息
000681,视觉中国,电子信息
000711,京蓝科技,电子信息
000748,长城信息,电子信息
000787,*ST创智,电子信息
000801,四川九洲,电子信息
000805,*ST炎黄,电子信息
000836,ST富通,电子信息
000851,*ST高鸿,电子信息
000892,欢瑞世纪,电子信息
000938,紫光股份,电子信息
000948,南天信息,电子信息
000970,中科三环,电子信息
000977,浪潮信息,电子信息
000997,新 大 陆,电子信息
002017,东信和平,电子信息
002027,分众传媒,电子信息
002052,同洲电子,电子信息
002063,远光软件,电子信息
002065,东华软件,电子信息
002073,软控股份,电子信息
002089,新海退,电子信息
002090,金智科技,电子信息
002093,国脉科技,电子信息
002095,生 意 宝,电子信息
002115,三维通信,电子信息
002148,北纬科技,电子信息
002151,北斗星通,电子信息
002152,广电运通,电子信息
002153,石基信息,电子信息
002161,远 望 谷,电子信息
002174,游族网络,电子信息
002177,御银股份,电子信息
002180,奔图科技,电子信息
002184,海得控制,电子信息
002194,武汉凡谷,电子信息
002195,岩山科技,电子信息
002230,科大讯飞,电子信息
002231,*ST奥维,电子信息
002232,启明信息,电子信息
002253,川大智胜,电子信息
002261,拓维信息,电子信息
002268,电科网安,电子信息
002279,久其软件,电子信息
002280,ST联络,电子信息
002281,光迅科技,电子信息
002296,辉煌科技,电子信息
002308,*ST威创,电子信息
002312,川发龙蟒,电子信息
002313,日海智能,电子信息
002315,焦点科技,电子信息
002316,亚联发展,电子信息
002331,皖通科技,电子信息
002351,漫步者,电子信息
002354,天娱数科,电子信息
002362,汉王科技,电子信息
002368,太极股份,电子信息
002369,卓翼科技,电子信息
002373,千方科技,电子信息
002376,新北洋,电子信息
002383,合众思壮,电子信息
002384,东山精密,电子信息
002396,星网锐捷,电子信息
002401,中远海科,电子信息
002405,四维图新,电子信息
002410,广联达,电子信息
002417,深南退,电子信息
002421,达实智能,电子信息
002439,启明星辰,电子信息
002446,盛路通信,电子信息
002465,海格通信,电子信息
002467,二六三,电子信息
002474,榕基软件,电子信息
002491,通鼎互联,电子信息
002519,银河电子,电子信息
002528,*ST英飞,电子信息
002544,普天科技,电子信息
002547,*ST春兴,电子信息
002577,雷柏科技,电子信息
002583,海能达,电子信息
002609,捷顺科技,电子信息
002635,安洁科技,电子信息
002642,荣联科技,电子信息
002649,博彦科技,电子信息
002657,中科金财,电子信息
300002,神州泰岳,电子信息
300010,ST豆神,电子信息
300017,网宿科技,电子信息
300020,ST银江,电子信息
300025,华星创业,电子信息
300028,金亚退,电子信息
300033,同花顺,电子信息
300036,超图软件,电子信息
300038,数知退,电子信息
300042,朗科科技,电子信息
300044,*ST赛为,电子信息
300045,华力创通,电子信息
300047,天源迪科,电子信息
300050,世纪鼎利,电子信息
300051,琏升科技,电子信息
300052,中青宝,电子信息
300059,东方财富,电子信息
300065,海兰信,电子信息
300074,华平股份,电子信息
300075,数字政通,电子信息
300076,*ST宁视,电子信息
300079,数码视讯,电子信息
300081,ST恒信,电子信息
300085,银之杰,电子信息
300096,ST易联众,电子信息
300098,高新兴,电子信息
300101,振芯科技,电子信息
300104,乐视退,电子信息
300113,顺网科技,电子信息
300130,新国都,电子信息
300134,大富科技,电子信息
300136,信维通信,电子信息
300150,世纪瑞尔,电子信息
300166,东方国信,电子信息
300167,ST迪威迅,电子信息
300168,万达信息,电子信息
300170,汉得信息,电子信息
300177,中海达,电子信息
300182,捷成股份,电子信息
300183,东软载波,电子信息
300188,国投智能,电子信息
300209,行云科技,电子信息
300211,*ST亿通,电子信息
300212,*ST易录,电子信息
300213,佳讯飞鸿,电子信息
300226,上海钢联,电子信息
300229,拓尔思,电子信息
300231,银信科技,电子信息
300235,方直科技,电子信息
300245,ST天玑,电子信息
300248,新开普,电子信息
300250,初灵信息,电子信息
300253,卫宁健康,电子信息
300264,佳创视讯,电子信息
300270,中威电子,电子信息
300271,华宇软件,电子信息
300275,梅安森,电子信息
300277,汽轮科技,电子信息
300282,三盛退,电子信息
300287,飞利信,电子信息
300288,朗玛信息,电子信息
300290,ST荣科,电子信息
300292,吴通控股,电子信息
300295,*ST三六,电子信息
300297,蓝盾退,电子信息
300299,富春股份,电子信息
300300,海峡创新,电子信息
300302,同有科技,电子信息
300310,宜通世纪,电子信息
300311,任子行,电子信息
300312,邦讯退,电子信息
300315,掌趣科技,电子信息
300322,硕贝德,电子信息
300324,旋极信息,电子信息
300330,计通退,电子信息
300333,兆日科技,电子信息
300339,润和软件,电子信息
300348,长亮科技,电子信息
300352,ST信源,电子信息
300353,东土科技,电子信息
300359,全通教育,电子信息
300365,恒华科技,电子信息
300366,ST创意,电子信息
300367,网力退,电子信息
300369,绿盟科技,电子信息
300377,赢时胜,电子信息
300378,鼎捷数智,电子信息
300379,东通退,电子信息
300380,安硕信息,电子信息
300383,光环新网,电子信息
300386,飞天诚信,电子信息
300390,天华新能,电子信息
300392,腾信退,电子信息
300394,天孚通信,电子信息
300397,天和防务,电子信息
300399,天利科技,电子信息
300418,昆仑万维,电子信息
300419,ST浩丰,电子信息
300431,暴风退,电子信息
300440,运达科技,电子信息
300448,浩云科技,电子信息
300449,汉邦高科,电子信息
600048,保利发展,房地产
600052,东望时代,房地产
600053,*ST九鼎,房地产
600067,冠城新材,房地产
600077,*ST宋都,房地产
600082,ST海泰,房地产
600094,大名城,房地产
600095,湘财股份,房地产
600113,浙江东日,房地产
600133,东湖高新,房地产
600159,大龙地产,房地产
600162,香江控股,房地产
600173,卧龙新能,房地产
600175,退市美都,房地产
600185,珠免集团,房地产
600208,衢州发展,房地产
600223,福瑞达,房地产
600225,退市卓朗,房地产
600239,ST云城,房地产
600240,退市华业,房地产
600246,万通发展,房地产
600266,城建发展,房地产
600322,津投城开,房地产
600325,华发股份,房地产
600340,*ST华幸,房地产
600376,首开股份,房地产
600383,金地集团,房地产
600393,ST粤泰,房地产
600463,空港股份,房地产
600503,华丽家族,房地产
600510,黑牡丹,房地产
600533,栖霞建设,房地产
600565,ST迪马,房地产
600568,ST中珠,房地产
600606,绿地控股,房地产
600615,鑫源智造,房地产
600621,华鑫股份,房地产
600638,新黄浦,房地产
600641,先导基电,房地产
600657,信达地产,房地产
600663,陆家嘴,房地产
600665,天地源,房地产
600675,中华企业,房地产
600683,京投发展,房地产
600684,珠江股份,房地产
600696,退市岩石,房地产
600716,凤凰股份,房地产
600724,宁波富达,房地产
600732,爱旭股份,房地产
600733,北汽蓝谷,房地产
600743,华远控股,房地产
600745,*ST闻泰,房地产
600748,上实发展,房地产
600767,退市运盛,房地产
600773,西藏城投,房地产
600791,京能置业,房地产
600807,济高发展,房地产
600823,*ST世茂,房地产
600862,中航高科,房地产
600890,退市中房,房地产
601588,北辰实业,房地产
000002,万 科Ａ,房地产
000005,ST星源,房地产
000006,深振业Ａ,房地产
000009,中国宝安,房地产
000011,深物业A,房地产
000014,沙河股份,房地产
000024,招商地产,房地产
000029,深深房Ａ,房地产
000031,大悦城,房地产
000036,华联控股,房地产
000038,大通退,房地产
000040,*ST旭蓝,房地产
000042,中洲控股,房地产
000046,*ST泛海,房地产
000056,*ST皇庭,房地产
000402,金 融 街,房地产
000502,绿景退,房地产
000505,京粮控股,房地产
000506,招金黄金,房地产
000514,渝 开 发,房地产
000517,荣安地产,房地产
000526,学大教育,房地产
000534,万泽股份,房地产
000537,绿发电力,房地产
000540,*ST中天,房地产
000558,天府文旅,房地产
000567,海德股份,房地产
000573,粤宏远Ａ,房地产
000608,阳光股份,房地产
000609,*ST中迪,房地产
000616,*ST海投,房地产
000620,盈新发展,房地产
000631,顺发恒能,房地产
000656,金科股份,房地产
000667,ST美置,房地产
000668,荣丰控股,房地产
000671,ST阳光城,房地产
000691,亚太实业,房地产
000718,苏宁环球,房地产
000732,ST泰禾,房地产
000736,中交发展,房地产
000797,中国武夷,房地产
000809,和展能源,房地产
000838,*ST发展,房地产
000861,海印股份,房地产
000863,三湘印象,房地产
000897,津滨发展,房地产
000918,*ST嘉凯,房地产
000926,福星股份,房地产
000931,中 关 村,房地产
000965,天保基建,房地产
000979,中弘退,房地产
000981,山子高科,房地产
001914,招商积余,房地产
002016,世荣兆业,房地产
002077,大港股份,房地产
002133,广宇集团,房地产
002146,荣盛发展,房地产
002208,合肥城建,房地产
002244,滨江集团,房地产
002285,世联行,房地产
002305,*ST南置,房地产
600089,特变电工,发电设备
600192,长城电工,发电设备
600268,国电南自,发电设备
600290,*ST华仪,发电设备
600312,平高电气,发电设备
600416,湘电股份,发电设备
600517,国网英大,发电设备
600525,长园集团,发电设备
600550,保变电气,发电设备
600580,卧龙电驱,发电设备
600590,泰豪科技,发电设备
600875,东方电气,发电设备
600973,宝胜股份,发电设备
601126,四方股份,发电设备
601179,中国西电,发电设备
601558,退市锐电,发电设备
601700,风范股份,发电设备
601727,上海电气,发电设备
601877,正泰电器,发电设备
603333,福华尚纬,发电设备
603618,杭电股份,发电设备
000400,许继电气,发电设备
000585,东电退,发电设备
000682,东方电子,发电设备
000806,银河退,发电设备
000967,盈峰环境,发电设备
002028,思源电气,发电设备
002074,国轩高科,发电设备
002112,三变科技,发电设备
002123,梦网科技,发电设备
002130,沃尔核材,发电设备
002168,ST惠程,发电设备
002169,智光电气,发电设备
002202,金风科技,发电设备
002212,天融信,发电设备
002227,*ST特迅,发电设备
002276,万马股份,发电设备
002300,太阳电缆,发电设备
002323,*ST雅博,发电设备
002350,北京科锐,发电设备
002358,森源电气,发电设备
002451,摩恩电气,发电设备
002471,中超控股,发电设备
002498,汉缆股份,发电设备
002531,天顺风能,发电设备
002533,金杯电工,发电设备
002560,通达股份,发电设备
002622,皓宸医疗,发电设备
002660,茂硕电源,发电设备
300001,特锐德,发电设备
300004,南风股份,发电设备
300018,中元股份,发电设备
300040,九洲集团,发电设备
300048,合康新能,发电设备
300062,中能电气,发电设备
300069,金利华电,发电设备
300120,经纬辉开,发电设备
300125,聆达股份,发电设备
300129,泰胜风能,发电设备
300141,和顺电气,发电设备
300153,科泰电源,发电设备
300208,中程退,发电设备
300341,麦克奥迪,发电设备
300372,欣泰退,发电设备
300444,双杰电气,发电设备
600038,中直股份,飞机制造
600118,中国卫星,飞机制造
600316,洪都航空,飞机制造
600343,航天动力,飞机制造
600372,中航机载,飞机制造
600391,航发科技,飞机制造
600879,航天电子,飞机制造
600893,航发动力,飞机制造
000738,航发控制,飞机制造
000768,中航西飞,飞机制造
000901,航天科技,飞机制造
002023,海特高新,飞机制造
002111,威海广泰,飞机制造
300424,航新科技,飞机制造
600070,*ST富润,纺织行业
600152,维科技术,纺织行业
600156,华升股份,纺织行业
600220,ST阳光,纺织行业
600232,金鹰股份,纺织行业
600370,*ST三房,纺织行业
600448,华纺股份,纺织行业
600493,凤竹纺织,纺织行业
600626,申达股份,纺织行业
600630,龙头股份,纺织行业
600689,上海三毛,纺织行业
600735,ST新华锦,纺织行业
600851,海欣股份,纺织行业
600987,航民股份,纺织行业
601339,百隆东方,纺织行业
601599,浙文影业,纺织行业
603558,健盛集团,纺织行业
603889,新澳股份,纺织行业
000018,神城A退,纺织行业
000045,深纺织Ａ,纺织行业
000158,常山北明,纺织行业
000611,天首退,纺织行业
000726,鲁 泰Ａ,纺织行业
000779,甘咨询,纺织行业
000803,山高环能,纺织行业
000813,德展健康,纺织行业
000850,华茂股份,纺织行业
000955,欣龙控股,纺织行业
000971,*ST高升,纺织行业
000982,中银绒业,纺织行业
002034,旺能环境,纺织行业
002042,华孚时尚,纺织行业
002070,众和退,纺织行业
002072,凯瑞德,纺织行业
002083,孚日股份,纺织行业
002087,新纺退,纺织行业
002127,南极电商,纺织行业
002144,宏达高科,纺织行业
002193,ST如意,纺织行业
002394,联发股份,纺织行业
002404,嘉欣丝绸,纺织行业
002516,旷达科技,纺织行业
600302,ST标准,纺织机械
600610,中毅达,纺织机械
600843,上工申贝,纺织机械
000666,经纬纺机,纺织机械
002021,中捷资源,纺织机械
002196,方正电机,纺织机械
002722,物产金轮,纺织机械
300384,三联虹普,纺织机械
600086,退市金钰,服装鞋类
600107,*ST尔雅,服装鞋类
600137,浪莎股份,服装鞋类
600177,雅戈尔,服装鞋类
600233,圆通速递,服装鞋类
600272,开开实业,服装鞋类
600295,鄂尔多斯,服装鞋类
600398,海澜之家,服装鞋类
600400,红豆股份,服装鞋类
600439,ST瑞贝卡,服装鞋类
600612,老凤祥,服装鞋类
600884,杉杉股份,服装鞋类
601566,九牧王,服装鞋类
601718,ST际华,服装鞋类
603001,奥康国际,服装鞋类
603518,锦泓集团,服装鞋类
603555,ST贵人,服装鞋类
603808,歌力思,服装鞋类
002003,伟星股份,服装鞋类
002029,七 匹 狼,服装鞋类
002036,联创电子,服装鞋类
002044,美年健康,服装鞋类
002098,浔兴股份,服装鞋类
002154,报 喜 鸟,服装鞋类
002239,奥特佳,服装鞋类
002269,美邦服饰,服装鞋类
002291,遥望科技,服装鞋类
002293,罗莱生活,服装鞋类
002327,富安娜,服装鞋类
002345,潮宏基,服装鞋类
002397,梦洁股份,服装鞋类
002425,凯撒文化,服装鞋类
002485,ST雪发,服装鞋类
002486,嘉麟杰,服装鞋类
002494,华斯股份,服装鞋类
002503,*ST搜特,服装鞋类
002517,恺英网络,服装鞋类
002563,森马服饰,服装鞋类
002569,*ST步森,服装鞋类
002574,明牌珠宝,服装鞋类
002612,朗姿股份,服装鞋类
002634,*ST棒杰,服装鞋类
002640,跨境通,服装鞋类
002656,摩登大道,服装鞋类
002674,兴业科技,服装鞋类
002687,乔治白,服装鞋类
002731,*ST萃华,服装鞋类
002740,*ST爱迪,服装鞋类
300005,探路者,服装鞋类
600003,ST东北高,公路桥梁
600012,皖通高速,公路桥梁
600020,中原高速,公路桥梁
600033,福建高速,公路桥梁
600035,楚天高速,公路桥梁
600106,重庆路桥,公路桥梁
600269,赣粤高速,公路桥梁
600350,山东高速,公路桥梁
600368,五洲交通,公路桥梁
600377,宁沪高速,公路桥梁
600548,深高速,公路桥梁
601107,四川成渝,公路桥梁
601188,龙江交通,公路桥梁
601518,吉林高速,公路桥梁
000429,粤高速Ａ,公路桥梁
000548,湖南投资,公路桥梁
000828,东莞控股,公路桥梁
000886,海南高速,公路桥梁
000900,现代投资,公路桥梁
000916,华北高速,公路桥梁
600167,联美控股,供水供气
600168,武汉控股,供水供气
600187,*ST国中,供水供气
600283,钱江水利,供水供气
600323,瀚蓝环境,供水供气
600333,长春燃气,供水供气
600461,洪城环境,供水供气
600617,国新能源,供水供气
600635,大众公用,供水供气
600649,城投控股,供水供气
600719,大连热电,供水供气
600758,辽宁能源,供水供气
600917,重庆燃气,供水供气
600982,宁波能源,供水供气
601139,深圳燃气,供水供气
601158,重庆水务,供水供气
601199,江南水务,供水供气
000593,德龙汇能,供水供气
000605,渤海股份,供水供气
000669,ST金鸿,供水供气
000685,中山公用,供水供气
000692,惠天热电,供水供气
000695,滨海能源,供水供气
002267,陕天然气,供水供气
002700,万憬能源,供水供气
600001,邯郸钢铁,钢铁行业
600005,武钢股份,钢铁行业
600010,包钢股份,钢铁行业
600019,宝钢股份,钢铁行业
600022,山东钢铁,钢铁行业
600102,莱钢股份,钢铁行业
600117,西宁特钢,钢铁行业
600126,杭钢股份,钢铁行业
600165,宁科生物,钢铁行业
600193,退市创兴,钢铁行业
600231,凌钢股份,钢铁行业
600282,南钢股份,钢铁行业
600307,酒钢宏兴,钢铁行业
600357,承德钒钛,钢铁行业
600399,抚顺特钢,钢铁行业
600477,杭萧钢构,钢铁行业
600496,精工钢构,钢铁行业
600507,方大特钢,钢铁行业
600532,退市未来,钢铁行业
600558,大西洋,钢铁行业
600569,安阳钢铁,钢铁行业
600581,*ST八钢,钢铁行业
600782,新钢股份,钢铁行业
600784,鲁银投资,钢铁行业
600808,马钢股份,钢铁行业
600882,妙可蓝多,钢铁行业
600992,贵绳股份,钢铁行业
601003,柳钢股份,钢铁行业
601005,重庆钢铁,钢铁行业
601028,玉龙股份,钢铁行业
601969,海南矿业,钢铁行业
000409,云鼎科技,钢铁行业
000629,钒钛股份,钢铁行业
000655,金岭矿业,钢铁行业
000708,中信特钢,钢铁行业
000709,河钢股份,钢铁行业
000717,中南股份,钢铁行业
000761,本钢板材,钢铁行业
000778,新兴铸管,钢铁行业
000825,太钢不锈,钢铁行业
000890,法尔胜,钢铁行业
000898,鞍钢股份,钢铁行业
000932,华菱钢铁,钢铁行业
000959,首钢股份,钢铁行业
000969,安泰科技,钢铁行业
002075,沙钢股份,钢铁行业
002110,三钢闽光,钢铁行业
002132,恒星科技,钢铁行业
002318,久立特材,钢铁行业
002359,北讯退,钢铁行业
002423,中粮资本,钢铁行业
002443,金洲管道,钢铁行业
002478,常宝股份,钢铁行业
002487,大金重工,钢铁行业
002524,光正眼科,钢铁行业
002541,鸿路钢构,钢铁行业
002545,东方铁塔,钢铁行业
002615,哈尔斯,钢铁行业
002743,富煌钢构,钢铁行业
300345,华民股份,钢铁行业
600008,首创环保,环保行业
600292,电投水电,环保行业
600874,创业环保,环保行业
603126,中材节能,环保行业
603588,高能环境,环保行业
603686,福龙马,环保行业
000544,中原环保,环保行业
000598,兴蓉环境,环保行业
000826,*ST启环,环保行业
002200,交投生态,环保行业
002549,凯美特气,环保行业
002573,清新环境,环保行业
002616,长青集团,环保行业
002672,东江环保,环保行业
300055,万邦达,环保行业
300070,碧水源,环保行业
300156,神雾退,环保行业
300172,中电环保,环保行业
300187,永清环保,环保行业
300190,维尔利,环保行业
300197,节能铁汉,环保行业
300262,*ST巴安,环保行业
300332,天壕能源,环保行业
300335,迪森股份,环保行业
300355,蒙草生态,环保行业
300388,节能国祯,环保行业
300422,博世科,环保行业
600075,新疆天业,化工行业
600078,澄星股份,化工行业
600091,退市明科,化工行业
600135,乐凯胶片,化工行业
600141,兴发集团,化工行业
600155,华创云信,化工行业
600160,巨化股份,化工行业
600228,返利科技,化工行业
600229,城市传媒,化工行业
600249,两面针,化工行业
600273,嘉化能源,化工行业
600277,ST亿利,化工行业
600281,华阳新材,化工行业
600299,安迪苏,化工行业
600301,华锡有色,化工行业
600309,万华化学,化工行业
600315,上海家化,化工行业
600319,亚星化学,化工行业
600328,中盐化工,化工行业
600339,中油工程,化工行业
600352,浙江龙盛,化工行业
600367,红星发展,化工行业
600378,昊华科技,化工行业
600409,三友化工,化工行业
600481,双良节能,化工行业
600490,鹏欣资源,化工行业
600599,退市熊猫,化工行业
600618,氯碱化工,化工行业
600636,退市国化,化工行业
600722,金牛化工,化工行业
600746,江苏索普,化工行业
600844,金煤科技,化工行业
600985,淮北矿业,化工行业
601118,海南橡胶,化工行业
601208,东材科技,化工行业
601216,君正集团,化工行业
601678,滨化股份,化工行业
603002,宏昌电子,化工行业
603010,万盛股份,化工行业
603077,和邦生物,化工行业
603188,亚邦股份,化工行业
000510,新金路,化工行业
000523,红棉股份,化工行业
000545,金浦钛业,化工行业
000565,渝三峡Ａ,化工行业
000627,*ST天茂,化工行业
000635,英 力 特,化工行业
000662,天夏退,化工行业
000683,博源化工,化工行业
000698,ST沈化,化工行业
000707,双环科技,化工行业
000737,北方铜业,化工行业
000755,山西高速,化工行业
000818,航锦科技,化工行业
000822,山东海化,化工行业
000887,中鼎股份,化工行业
000985,大庆华科,化工行业
000990,诚志股份,化工行业
002010,传化智联,化工行业
002014,永新股份,化工行业
002037,保利联合,化工行业
002053,云南能投,化工行业
002054,德美化工,化工行业
002061,浙江交科,化工行业
002068,黑猫股份,化工行业
002092,中泰化学,化工行业
002094,青岛金王,化工行业
002096,易普力,化工行业
002109,ST兴化,化工行业
002125,湘潭电化,化工行业
002136,安 纳 达,化工行业
002145,钛能化学,化工行业
002165,红 宝 丽,化工行业
002192,融捷股份,化工行业
002201,九鼎新材,化工行业
002211,ST宏达,化工行业
002224,三 力 士,化工行业
002226,江南化工,化工行业
002246,北化股份,化工行业
002250,联化科技,化工行业
002256,兆新股份,化工行业
002319,乐通股份,化工行业
002326,永太科技,化工行业
002341,ST新纶,化工行业
002360,ST同德,化工行业
002361,神剑股份,化工行业
002377,国创高新,化工行业
002381,双箭股份,化工行业
002386,天原股份,化工行业
002395,双象股份,化工行业
002407,多氟多,化工行业
002408,齐翔腾达,化工行业
002409,雅克科技,化工行业
002411,必康退,化工行业
002440,闰土股份,化工行业
002442,龙星科技,化工行业
002450,康得退,化工行业
002453,华软科技,化工行业
002455,百川股份,化工行业
002466,天齐锂业,化工行业
002476,新叶股份,化工行业
002497,雅化集团,化工行业
002562,兄弟科技,化工行业
002581,*ST未名,化工行业
002584,西陇科学,化工行业
002597,金禾实业,化工行业
002601,龙佰集团,化工行业
002632,道明光学,化工行业
002637,赞宇科技,化工行业
002643,万润股份,化工行业
002648,卫星化学,化工行业
002666,德联集团,化工行业
002669,康达新材,化工行业
002683,广东宏大,化工行业
002709,天赐材料,化工行业
002741,光华科技,化工行业
002748,世龙实业,化工行业
300019,硅宝科技,化工行业
300031,宝通科技,化工行业
300037,新宙邦,化工行业
300041,回天新材,化工行业
300054,鼎龙股份,化工行业
300063,天龙集团,化工行业
300067,安诺其,化工行业
300072,海新能科,化工行业
300082,奥克股份,化工行业
300107,建新股份,化工行业
300108,*ST吉药,化工行业
300109,新开源,化工行业
300121,阳谷华泰,化工行业
300132,诺斯贝尔,化工行业
300135,宝利国际,化工行业
300174,元力股份,化工行业
300192,科德教育,化工行业
300200,高盟新材,化工行业
300214,日科化学,化工行业
300225,金力泰,化工行业
300236,上海新阳,化工行业
300237,ST美晨,化工行业
300243,瑞丰高材,化工行业
300285,国瓷材料,化工行业
300320,海达股份,化工行业
300343,联创股份,化工行业
300387,富邦科技,化工行业
300398,飞凯材料,化工行业
300405,科隆股份,化工行业
300429,强力新材,化工行业
300437,清水源,化工行业
300446,航天智造,化工行业
600061,国投资本,化纤行业
600063,皖维高新,化纤行业
600527,江南高纤,化纤行业
600810,神马股份,化纤行业
600889,*ST京化,化纤行业
601113,华鼎股份,化纤行业
601233,桐昆股份,化纤行业
000420,吉林化纤,化纤行业
000584,工智退,化纤行业
000615,*ST美谷,化纤行业
000677,ST海龙,化纤行业
000687,华讯退,化纤行业
000703,恒逸石化,化纤行业
000782,恒申新材,化纤行业
000936,华西股份,化纤行业
000949,新乡化纤,化纤行业
000976,*ST华铁,化纤行业
002015,协鑫能科,化纤行业
002064,华峰化学,化纤行业
002080,中材科技,化纤行业
002172,澳洋健康,化纤行业
002206,海 利 得,化纤行业
002254,泰和新材,化纤行业
002427,尤夫股份,化纤行业
002493,荣盛石化,化纤行业
300180,华峰超纤,化纤行业
600060,海信视像,家电行业
600261,阳光照明,家电行业
600336,澳柯玛,家电行业
600690,海尔智家,家电行业
600839,四川长虹,家电行业
600854,春兰股份,家电行业
600870,退市厦华,家电行业
600983,惠而浦,家电行业
603366,日出东方,家电行业
603519,立霸股份,家电行业
000016,*ST康佳A,家电行业
000100,TCL科技,家电行业
000333,美的集团,家电行业
000418,小天鹅A,家电行业
000521,长虹美菱,家电行业
000527,美的电器,家电行业
000533,顺钠股份,家电行业
000541,佛山照明,家电行业
000651,格力电器,家电行业
000921,海信家电,家电行业
002005,德豪润达,家电行业
002032,苏 泊 尔,家电行业
002035,华帝股份,家电行业
002076,星光股份,家电行业
002242,九阳股份,家电行业
002260,德奥退,家电行业
002290,禾盛新材,家电行业
002403,爱仕达,家电行业
002429,兆驰股份,家电行业
002473,圣莱退,家电行业
002508,老板电器,家电行业
002543,万和电气,家电行业
002668,TCL智家,家电行业
002677,浙江美大,家电行业
002681,奋达科技,家电行业
002705,新宝股份,家电行业
002723,小崧股份,家电行业
600054,黄山旅游,酒店旅游
600138,中青旅,酒店旅游
600258,首旅酒店,酒店旅游
600358,国旅联合,酒店旅游
600555,退市海创,酒店旅游
600593,大连圣亚,酒店旅游
600640,国脉文化,酒店旅游
600706,曲江文旅,酒店旅游
600749,西藏旅游,酒店旅游
600754,锦江酒店,酒店旅游
601007,金陵饭店,酒店旅游
601888,中国中免,酒店旅游
603099,长白山,酒店旅游
603199,九华旅游,酒店旅游
603869,ST智知,酒店旅游
000007,全新好,酒店旅游
000069,华侨城Ａ,酒店旅游
000428,华天酒店,酒店旅游
000430,张家界,酒店旅游
000524,岭南控股,酒店旅游
000610,*ST西旅,酒店旅游
000613,东海A退,酒店旅游
000721,西安饮食,酒店旅游
000802,北京文化,酒店旅游
000888,峨眉山Ａ,酒店旅游
000978,桂林旅游,酒店旅游
002033,丽江股份,酒店旅游
002059,云南旅游,酒店旅游
002159,三特索道,酒店旅游
002186,全 聚 德,酒店旅游
002306,ST云网,酒店旅游
002558,巨人网络,酒店旅游
002707,众信旅游,酒店旅游
300144,宋城演艺,酒店旅游
300178,腾邦退,酒店旅游
600337,ST美克,家具行业
600978,*ST宜生,家具行业
603008,ST喜临门,家具行业
603600,永艺股份,家具行业
603818,曲美家居,家具行业
603898,好莱客,家具行业
000910,大亚圣象,家具行业
002084,海鸥住工,家具行业
002120,韵达股份,家具行业
002240,盛新锂能,家具行业
002259,升达林业,家具行业
002489,浙江永强,家具行业
002572,索菲亚,家具行业
002631,德尔未来,家具行业
002718,友邦吊顶,家具行业
002751,易尚退,家具行业
600000,浦发银行,金融行业
600015,华夏银行,金融行业
600016,民生银行,金融行业
600030,中信证券,金融行业
600036,招商银行,金融行业
600109,国金证券,金融行业
600291,退市西水,金融行业
600369,西南证券,金融行业
600643,爱建集团,金融行业
600705,中航产融,金融行业
600816,建元信托,金融行业
600830,香溢融通,金融行业
600837,海通证券,金融行业
600958,东方证券,金融行业
600999,招商证券,金融行业
601009,南京银行,金融行业
601099,太平洋,金融行业
601166,兴业银行,金融行业
601169,北京银行,金融行业
601198,东兴证券,金融行业
601288,农业银行,金融行业
601318,中国平安,金融行业
601328,交通银行,金融行业
601336,新华保险,金融行业
601377,兴业证券,金融行业
601398,工商银行,金融行业
601555,东吴证券,金融行业
601601,中国太保,金融行业
601628,中国人寿,金融行业
601688,华泰证券,金融行业
601788,光大证券,金融行业
601818,光大银行,金融行业
601901,方正证券,金融行业
601939,建设银行,金融行业
601988,中国银行,金融行业
601998,中信银行,金融行业
000001,平安银行,金融行业
000166,申万宏源,金融行业
000415,渤海租赁,金融行业
000562,宏源证券,金融行业
000563,陕国投Ａ,金融行业
000686,东北证券,金融行业
000712,锦龙股份,金融行业
000728,国元证券,金融行业
000750,国海证券,金融行业
000776,广发证券,金融行业
000783,长江证券,金融行业
002142,宁波银行,金融行业
002500,山西证券,金融行业
002673,西部证券,金融行业
002736,国信证券,金融行业
600004,白云机场,交通运输
600009,上海机场,交通运输
600017,日照港,交通运输
600018,上港集团,交通运输
600026,中远海能,交通运输
600029,南方航空,交通运输
600057,厦门象屿,交通运输
600087,退市长油,交通运输
600115,中国东航,交通运输
600119,*ST长投,交通运输
600125,铁龙物流,交通运输
600180,*ST瑞茂,交通运输
600190,退市锦港,交通运输
600221,海航控股,交通运输
600242,退市中昌,交通运输
600270,外运发展,交通运输
600279,重庆港,交通运输
600317,营口港,交通运输
600386,北巴传媒,交通运输
600428,中远海特,交通运输
600495,晋西车轴,交通运输
600561,江西长运,交通运输
600575,淮河能源,交通运输
600611,大众交通,交通运输
600650,锦江在线,交通运输
600662,外服控股,交通运输
600692,亚通股份,交通运输
600708,光明地产,交通运输
600717,天津港,交通运输
600751,海航科技,交通运输
600787,中储股份,交通运输
600794,保税科技,交通运输
600798,宁波海运,交通运输
600834,申通地铁,交通运输
600835,上海机电,交通运输
600894,广日股份,交通运输
600896,退市海医,交通运输
600897,厦门空港,交通运输
600967,内蒙一机,交通运输
601000,唐山港,交通运输
601006,大秦铁路,交通运输
601008,连云港,交通运输
601018,宁波港,交通运输
601021,春秋航空,交通运输
601111,中国国航,交通运输
601299,中国北车,交通运输
601313,江南嘉捷,交通运输
601333,广深铁路,交通运输
601766,中国中车,交通运输
601866,中远海发,交通运输
601872,招商轮船,交通运输
601880,辽港股份,交通运输
601919,中远海控,交通运输
603111,康尼机电,交通运输
603128,华贸物流,交通运输
603167,渤海轮渡,交通运输
603611,诺力股份,交通运输
000022,深赤湾A,交通运输
000088,盐 田 港,交通运输
000089,深圳机场,交通运输
000099,中信海直,交通运输
000421,南京公用,交通运输
000507,珠海港,交通运输
000520,凤凰航运,交通运输
000582,北部湾港,交通运输
000594,国恒退,交通运输
000905,厦门港务,交通运输
000920,沃顿科技,交通运输
000996,中期退,交通运输
002040,南 京 港,交通运输
002183,怡 亚 通,交通运输
002210,飞马国际,交通运输
002245,蔚蓝锂芯,交通运输
002320,海峡股份,交通运输
002357,富临运业,交通运输
002367,康力电梯,交通运输
002448,中原内配,交通运输
002492,恒基达鑫,交通运输
002592,ST八菱,交通运输
002627,三峡旅游,交通运输
002682,龙洲股份,交通运输
002689,ST远智,交通运输
002711,欧浦退,交通运输
300011,鼎汉技术,交通运输
300013,新宁物流,交通运输
300240,飞力达,交通运输
300350,华鹏飞,交通运输
600031,三一重工,机械行业
600114,东睦股份,机械行业
600149,廊坊发展,机械行业
600169,ST太重,机械行业
600218,全柴动力,机械行业
600243,*ST海华,机械行业
600262,北方股份,机械行业
600320,振华重工,机械行业
600346,恒力石化,机械行业
600388,紫金龙净,机械行业
600421,退市华嵘,机械行业
600435,北方导航,机械行业
600475,华光环能,机械行业
600499,科达制造,机械行业
600520,三佳科技,机械行业
600526,菲达环保,机械行业
600579,中化装备,机械行业
600582,天地科技,机械行业
600592,龙溪股份,机械行业
600619,海立股份,机械行业
600710,苏美达,机械行业
600761,安徽合力,机械行业
600765,中航重机,机械行业
600806,退市昆机,机械行业
600815,厦工股份,机械行业
600841,动力新科,机械行业
600855,航天长峰,机械行业
600860,京城股份,机械行业
600984,建设机械,机械行业
601002,晋亿实业,机械行业
601038,一拖股份,机械行业
601100,恒立液压,机械行业
601106,中国一重,机械行业
601177,杭齿前进,机械行业
601218,吉鑫科技,机械行业
601226,华电科工,机械行业
601268,*ST二重,机械行业
601369,陕鼓动力,机械行业
601608,中信重工,机械行业
601717,中创智领,机械行业
601798,蓝科高新,机械行业
603011,合锻智能,机械行业
603012,创力集团,机械行业
603088,宁波精达,机械行业
603169,兰石重装,机械行业
603308,应流股份,机械行业
603315,福鞍股份,机械行业
603318,水发燃气,机械行业
603338,浙江鼎力,机械行业
603355,莱克电气,机械行业
603698,航天工程,机械行业
603699,纽威股份,机械行业
603789,ST星农,机械行业
000039,中集集团,机械行业
000157,中联重科,机械行业
000404,长虹华意,机械行业
000410,沈阳机床,机械行业
000425,徐工机械,机械行业
000519,中兵红箭,机械行业
000528,柳 工,机械行业
000530,冰山冷热,机械行业
000551,创元科技,机械行业
000570,苏常柴Ａ,机械行业
000595,新能股份,机械行业
000617,中油资本,机械行业
000678,襄阳轴承,机械行业
000680,山推股份,机械行业
000777,中核科技,机械行业
000811,冰轮环境,机械行业
000816,智慧农业,机械行业
000821,ST京机,机械行业
000837,秦川机床,机械行业
000852,石化机械,机械行业
000856,冀东装备,机械行业
000880,潍柴重机,机械行业
000903,ST云动,机械行业
000923,河钢资源,机械行业
000925,众合科技,机械行业
002006,精工科技,机械行业
002009,天奇股份,机械行业
002011,盾安环境,机械行业
002026,山东威达,机械行业
002046,国机精工,机械行业
002050,三花智控,机械行业
002097,山河智能,机械行业
002101,广东鸿图,机械行业
002122,ST汇洲,机械行业
002131,利欧股份,机械行业
002147,新光退,机械行业
002150,正泰电源,机械行业
002158,汉钟精机,机械行业
002204,大连重工,机械行业
002209,达 意 隆,机械行业
002248,华东数控,机械行业
002255,海陆重工,机械行业
002270,华明装备,机械行业
002272,川润股份,机械行业
002278,神开股份,机械行业
002282,博深股份,机械行业
002328,新朋股份,机械行业
002337,赛象科技,机械行业
002342,巨力索具,机械行业
002347,泰尔股份,机械行业
002353,杰瑞股份,机械行业
002366,融发核电,机械行业
002413,雷科防务,机械行业
002418,康盛股份,机械行业
002430,杭氧股份,机械行业
002435,ST长康,机械行业
002438,江苏神通,机械行业
002444,巨星科技,机械行业
002445,中南文化,机械行业
002459,晶澳科技,机械行业
002472,双环传动,机械行业
002480,新筑股份,机械行业
002483,润邦股份,机械行业
002490,山东墨龙,机械行业
002499,科林退,机械行业
002509,天茂退,机械行业
002514,*ST宝馨,机械行业
002520,日发精机,机械行业
002523,天桥起重,机械行业
002526,山东矿机,机械行业
002529,海源复材,机械行业
002530,金财互联,机械行业
002532,天山铝业,机械行业
002534,西子洁能,机械行业
002535,林州重机,机械行业
002537,海联金汇,机械行业
002552,宝鼎科技,机械行业
002553,南方精工,机械行业
002559,亚威股份,机械行业
002564,天沃科技,机械行业
002591,恒大高新,机械行业
002595,豪迈科技,机械行业
002598,ST章鼓,机械行业
002611,东方精工,机械行业
002613,北玻股份,机械行业
002621,*ST美吉,机械行业
002630,*ST华西,机械行业
002633,申科股份,机械行业
002639,雪人集团,机械行业
002645,华宏科技,机械行业
002651,利君股份,机械行业
002667,*ST威领,机械行业
002680,长生退,机械行业
002685,华东重机,机械行业
002686,亿利达,机械行业
002690,美亚光电,机械行业
002691,*ST冀凯,机械行业
002698,博实股份,机械行业
002747,埃斯顿,机械行业
300023,宝德退,机械行业
300024,机器人,机械行业
300035,中科电气,机械行业
300056,中创环保,机械行业
300090,盛运退,机械行业
300091,*ST金灵,机械行业
300092,科新机电,机械行业
300095,华伍股份,机械行业
300103,达刚控股,机械行业
300116,*ST保力,机械行业
300126,锐奇股份,机械行业
300145,南方泵业,机械行业
300151,昌红科技,机械行业
300152,*ST动力,机械行业
300159,新研股份,机械行业
300161,华中数控,机械行业
300173,ST福能,机械行业
300185,通裕重工,机械行业
300193,佳士科技,机械行业
300195,长荣股份,机械行业
300201,海伦哲,机械行业
300202,聚龙退,机械行业
300210,森远股份,机械行业
300228,富瑞特装,机械行业
300249,依米康,机械行业
300257,开山股份,机械行业
300260,新莱应材,机械行业
300263,隆华科技,机械行业
300266,兴源环境,机械行业
300272,开能健康,机械行业
300276,三丰智能,机械行业
300278,华昌达,机械行业
300280,紫天退,机械行业
300281,金明精机,机械行业
300293,蓝英装备,机械行业
300307,慈星股份,机械行业
300308,中际旭创,机械行业
300309,吉艾退,机械行业
300316,晶盛机电,机械行业
300334,津膜科技,机械行业
300358,楚天科技,机械行业
300362,天翔退,机械行业
300368,汇金股份,机械行业
300382,斯莱克,机械行业
300385,ST雪浪,机械行业
300391,长药退,机械行业
300400,劲拓股份,机械行业
300402,宝色股份,机械行业
300411,金盾股份,机械行业
300415,伊之密,机械行业
300420,五洋自控,机械行业
300421,力星股份,机械行业
300425,中建环能,机械行业
300427,红相股份,机械行业
300434,金石亚药,机械行业
300435,中泰股份,机械行业
300441,鲍斯股份,机械行业
300442,润泽科技,机械行业
300443,金雷股份,机械行业
600039,四川路桥,建筑建材
600068,葛洲坝,建筑建材
600170,上海建工,建筑建材
600248,陕建股份,建筑建材
600263,路桥建设,建筑建材
600284,浦东建设,建筑建材
600321,正源股份,建筑建材
600326,西藏天路,建筑建材
600491,ST龙元,建筑建材
600502,安徽建工,建筑建材
600512,腾达建设,建筑建材
600528,中铁工业,建筑建材
600545,卓郎智能,建筑建材
600634,退市富控,建筑建材
600681,百川能源,建筑建材
600820,隧道股份,建筑建材
600853,龙建股份,建筑建材
600970,中材国际,建筑建材
600986,浙文互联,建筑建材
601117,中国化学,建筑建材
601186,中国铁建,建筑建材
601390,中国中铁,建筑建材
601618,中国中冶,建筑建材
601668,中国建筑,建筑建材
601669,中国电建,建筑建材
601789,宁波建工,建筑建材
601800,中国交建,建筑建材
601886,江河集团,建筑建材
603017,中衡设计,建筑建材
603018,华设集团,建筑建材
603030,全筑股份,建筑建材
603828,*ST利达,建筑建材
603969,银龙股份,建筑建材
000010,*ST美丽,建筑建材
000023,*ST深天,建筑建材
000055,方大集团,建筑建材
000065,北方国际,建筑建材
000090,天健集团,建筑建材
000498,山东路桥,建筑建材
000509,华塑控股,建筑建材
000619,海螺新材,建筑建材
000786,北新建材,建筑建材
000928,中钢国际,建筑建材
000961,ST中南,建筑建材
002043,兔 宝 宝,建筑建材
002047,宝鹰股份,建筑建材
002051,中工国际,建筑建材
002060,广东建工,建筑建材
002062,宏润建设,建筑建材
002066,瑞泰科技,建筑建材
002081,金 螳 螂,建筑建材
002116,中国海诚,建筑建材
002135,东南网架,建筑建材
002140,东华科技,建筑建材
002163,海南发展,建筑建材
002178,延华智能,建筑建材
002205,国统股份,建筑建材
002225,濮耐股份,建筑建材
002247,聚力文化,建筑建材
002271,东方雨虹,建筑建材
002307,北新路桥,建筑建材
002310,东方新能,建筑建材
002314,南山控股,建筑建材
002325,*ST洪涛,建筑建材
002372,伟星新材,建筑建材
002375,亚厦股份,建筑建材
002392,北京利尔,建筑建材
002398,垒知集团,建筑建材
002431,ST棕榈,建筑建材
002468,申通快递,建筑建材
002469,三维化学,建筑建材
002482,广田集团,建筑建材
002542,*ST中岩,建筑建材
002586,围海股份,建筑建材
002596,海南瑞泽,建筑建材
002620,*ST瑞和,建筑建材
002628,成都路桥,建筑建材
002652,扬子新材,建筑建材
002659,凯文教育,建筑建材
002663,普邦股份,建筑建材
002671,龙泉股份,建筑建材
002713,东易日盛,建筑建材
002717,*ST岭南,建筑建材
002738,中矿资源,建筑建材
002742,冀衡医药,建筑建材
300080,易成新能,建筑建材
300117,*ST嘉寓,建筑建材
300163,先锋新材,建筑建材
300284,苏交科,建筑建材
300344,立方退,建筑建材
300374,中铁装配,建筑建材
600007,中国国贸,开发区
600064,南京高科,开发区
600215,派斯林,开发区
600604,市北高新,开发区
600639,浦东金桥,开发区
600648,外高桥,开发区
600658,电子城,开发区
600736,苏州高新,开发区
600895,张江高科,开发区
000628,高新发展,开发区
600059,古越龙山,酿酒行业
600084,*ST尼雅,酿酒行业
600090,退市济堂,酿酒行业
600132,重庆啤酒,酿酒行业
600197,伊力特,酿酒行业
600199,金种子酒,酿酒行业
600238,ST椰岛,酿酒行业
600365,ST通葡,酿酒行业
600519,贵州茅台,酿酒行业
600543,*ST莫高,酿酒行业
600559,老白干酒,酿酒行业
600573,惠泉啤酒,酿酒行业
600600,青岛啤酒,酿酒行业
600616,金枫酒业,酿酒行业
600702,舍得酒业,酿酒行业
600779,水井坊,酿酒行业
600809,山西汾酒,酿酒行业
601579,会稽山,酿酒行业
603369,今世缘,酿酒行业
000557,西部创业,酿酒行业
000568,泸州老窖,酿酒行业
000596,古井贡酒,酿酒行业
000729,燕京啤酒,酿酒行业
000752,*ST西发,酿酒行业
000799,酒鬼酒,酿酒行业
000858,五 粮 液,酿酒行业
000860,顺鑫农业,酿酒行业
000869,张 裕Ａ,酿酒行业
000929,兰州黄河,酿酒行业
000995,皇台酒业,酿酒行业
002304,洋河股份,酿酒行业
002461,珠江啤酒,酿酒行业
002646,天佑德酒,酿酒行业
600099,林海股份,摩托车
600877,电科芯片,摩托车
601777,千里科技,摩托车
603766,隆鑫通用,摩托车
000913,钱江摩托,摩托车
001696,宗申动力,摩托车
600121,郑州煤电,煤炭行业
600123,兰花科创,煤炭行业
600157,永泰能源,煤炭行业
600179,安通控股,煤炭行业
600188,兖矿能源,煤炭行业
600348,华阳股份,煤炭行业
600381,*ST春天,煤炭行业
600395,盘江股份,煤炭行业
600397,江钨装备,煤炭行业
600403,大有能源,煤炭行业
600408,安泰集团,煤炭行业
600508,上海能源,煤炭行业
600546,山煤国际,煤炭行业
600652,退市游久,煤炭行业
600714,金瑞矿业,煤炭行业
600721,百花医药,煤炭行业
600725,云维股份,煤炭行业
600740,山西焦化,煤炭行业
600792,云煤能源,煤炭行业
600971,恒源煤电,煤炭行业
600997,开滦股份,煤炭行业
601001,晋控煤业,煤炭行业
601011,宝泰隆,煤炭行业
601015,陕西黑猫,煤炭行业
601088,中国神华,煤炭行业
601101,昊华能源,煤炭行业
601225,陕西煤业,煤炭行业
601666,平煤股份,煤炭行业
601699,潞安环能,煤炭行业
601898,中煤能源,煤炭行业
601918,新集能源,煤炭行业
000034,神州数码,煤炭行业
000552,甘肃能化,煤炭行业
000571,新大洲A,煤炭行业
000723,美锦能源,煤炭行业
000780,ST平能,煤炭行业
000933,神火股份,煤炭行业
000937,冀中能源,煤炭行业
000968,蓝焰控股,煤炭行业
000983,山西焦煤,煤炭行业
002128,电投能源,煤炭行业
600097,开创国际,农林牧渔
600108,亚盛集团,农林牧渔
600127,金健米业,农林牧渔
600189,泉阳泉,农林牧渔
600195,中牧股份,农林牧渔
600251,冠农股份,农林牧渔
600257,大湖股份,农林牧渔
600265,*ST景谷,农林牧渔
600275,退市昌鱼,农林牧渔
600313,农发种业,农林牧渔
600354,敦煌种业,农林牧渔
600359,新农开发,农林牧渔
600371,万向德农,农林牧渔
600438,通威股份,农林牧渔
600467,好当家,农林牧渔
600506,统一股份,农林牧渔
600540,新赛股份,农林牧渔
600598,北大荒,农林牧渔
600965,*ST福成,农林牧渔
600975,新五丰,农林牧渔
601996,丰林集团,农林牧渔
603609,禾丰股份,农林牧渔
000048,京基智农,农林牧渔
000061,农 产 品,农林牧渔
000592,平潭发展,农林牧渔
000663,永安林业,农林牧渔
000702,正虹科技,农林牧渔
000713,国投丰乐,农林牧渔
000735,罗 牛 山,农林牧渔
000798,中水渔业,农林牧渔
000876,新 希 望,农林牧渔
000998,隆平高科,农林牧渔
002041,登海种业,农林牧渔
002069,獐子岛,农林牧渔
002086,东方海洋,农林牧渔
002100,天康生物,农林牧渔
002124,天邦食品,农林牧渔
002157,正邦科技,农林牧渔
002173,创新医疗,农林牧渔
002234,民和股份,农林牧渔
002299,圣农发展,农林牧渔
002311,海大集团,农林牧渔
002321,华英农业,农林牧渔
002385,大北农,农林牧渔
002447,晨鑫退,农林牧渔
002458,益生股份,农林牧渔
002477,雏鹰退,农林牧渔
002505,鹏都农牧,农林牧渔
002548,金新农,农林牧渔
002567,唐人神,农林牧渔
002679,福建金森,农林牧渔
002696,百洋股份,农林牧渔
002714,牧原股份,农林牧渔
002746,仙坛股份,农林牧渔
300021,大禹节水,农林牧渔
300087,ST荃银,农林牧渔
300094,国联水产,农林牧渔
300106,西部牧业,农林牧渔
300143,盈康生命,农林牧渔
300186,大华农,农林牧渔
300189,神农种业,农林牧渔
300268,佳沃食品,农林牧渔
300313,天山生物,农林牧渔
300381,溢多利,农林牧渔
600096,云天化,农药化肥
600226,亨通股份,农药化肥
600227,赤天化,农药化肥
600230,沧州大化,农药化肥
600389,江山股份,农药化肥
600423,*ST柳化,农药化肥
600426,华鲁恒升,农药化肥
600470,六国化工,农药化肥
600486,扬农化工,农药化肥
600538,国发股份,农药化肥
600596,新安股份,农药化肥
600691,潞化科技,农药化肥
600727,鲁北化工,农药化肥
600731,湖南海利,农药化肥
600796,钱江生化,农药化肥
600803,新奥股份,农药化肥
603599,广信股份,农药化肥
000155,川能动力,农药化肥
000422,湖北宜化,农药化肥
000525,红太阳,农药化肥
000553,安道麦A,农药化肥
000578,盐湖集团,农药化肥
000731,四川美丰,农药化肥
000792,盐湖股份,农药化肥
000830,鲁西化工,农药化肥
000902,新洋丰,农药化肥
000912,泸天化,农药化肥
000950,重药控股,农药化肥
000953,中哲精化,农药化肥
002004,华邦健康,农药化肥
002018,华信退,农药化肥
002113,*ST天润,农药化肥
002170,芭田股份,农药化肥
002215,诺 普 信,农药化肥
002258,利尔化学,农药化肥
002274,华昌化工,农药化肥
002391,长青股份,农药化肥
002470,金正大,农药化肥
002496,辉丰股份,农药化肥
002513,蓝丰生化,农药化肥
002538,ST司特,农药化肥
002539,云图控股,农药化肥
002588,史丹利,农药化肥
002734,利民股份,农药化肥
002749,国光股份,农药化肥
300261,雅本化学,农药化肥
600006,东风股份,汽车制造
600066,宇通客车,汽车制造
600081,东风科技,汽车制造
600093,退市易见,汽车制造
600104,上汽集团,汽车制造
600148,长春一东,汽车制造
600166,福田汽车,汽车制造
600178,东安动力,汽车制造
600182,S佳通,汽车制造
600213,*ST亚星,汽车制造
600303,曙光股份,汽车制造
600335,国机汽车,汽车制造
600375,汉马科技,汽车制造
600418,江淮汽车,汽车制造
600469,风神股份,汽车制造
600480,凌云股份,汽车制造
600501,航天晨光,汽车制造
600523,贵航股份,汽车制造
600609,金杯汽车,汽车制造
600623,华谊集团,汽车制造
600653,申华控股,汽车制造
600660,福耀玻璃,汽车制造
600676,久事动娱,汽车制造
600686,金龙汽车,汽车制造
600698,湖南天雁,汽车制造
600699,均胜电子,汽车制造
600715,文投控股,汽车制造
600741,华域汽车,汽车制造
600742,富维股份,汽车制造
600760,中航沈飞,汽车制造
600960,渤海汽车,汽车制造
600991,广汽长丰,汽车制造
601058,赛轮轮胎,汽车制造
601238,广汽集团,汽车制造
601258,*ST庞大,汽车制造
601633,长城汽车,汽车制造
601689,拓普集团,汽车制造
601799,星宇股份,汽车制造
601965,中国汽研,汽车制造
603006,联明股份,汽车制造
603009,北特科技,汽车制造
603158,腾龙股份,汽车制造
603166,福达股份,汽车制造
603306,华懋科技,汽车制造
603788,宁波高发,汽车制造
603997,继峰股份,汽车制造
000025,特 力Ａ,汽车制造
000030,富奥股份,汽车制造
000338,潍柴动力,汽车制造
000550,江铃汽车,汽车制造
000559,万向钱潮,汽车制造
000572,海马汽车,汽车制造
000581,威孚高科,汽车制造
000589,贵州轮胎,汽车制造
000599,青岛双星,汽车制造
000622,恒立退,汽车制造
000625,长安汽车,汽车制造
000700,模塑科技,汽车制造
000710,贝瑞基因,汽车制造
000753,漳州发展,汽车制造
000757,浩物股份,汽车制造
000760,斯太退,汽车制造
000800,一汽解放,汽车制造
000868,安凯客车,汽车制造
000927,中国铁物,汽车制造
000951,中国重汽,汽车制造
000957,中通客车,汽车制造
002013,中航机电,汽车制造
002031,巨轮智能,汽车制造
002048,宁波华翔,汽车制造
002085,万丰奥威,汽车制造
002126,银轮股份,汽车制造
002190,成飞集成,汽车制造
002213,大为股份,汽车制造
002265,建设工业,汽车制造
002283,天润工业,汽车制造
002284,亚太股份,汽车制造
002355,兴民智通,汽车制造
002363,隆基机械,汽车制造
002406,远东传动,汽车制造
002434,万里扬,汽车制造
002454,松芝股份,汽车制造
002488,金固股份,汽车制造
002510,天汽模,汽车制造
002536,飞龙股份,汽车制造
002555,三七互娱,汽车制造
002590,万安科技,汽车制造
002593,日上集团,汽车制造
002594,比亚迪,汽车制造
002602,世纪华通,汽车制造
002607,中公教育,汽车制造
002625,光启技术,汽车制造
002662,峰璟股份,汽车制造
002703,浙江世宝,汽车制造
002708,光洋股份,汽车制造
002715,登云股份,汽车制造
002725,跃岭股份,汽车制造
300100,双林股份,汽车制造
300176,鸿特科技,汽车制造
300258,精锻科技,汽车制造
300304,云意电气,汽车制造
300375,鹏翎股份,汽车制造
300432,富临精工,汽车制造
600065,*ST联谊,其它行业
600092,S*ST精密,其它行业
600172,黄河旋风,其它行业
600516,方大炭素,其它行业
600607,上实医药,其它行业
600625,PT水仙,其它行业
600670,*ST斯达,其它行业
600700,*ST数码,其它行业
600709,ST生态,其它行业
600752,*ST哈慈,其它行业
600783,鲁信创投,其它行业
600788,*ST达曼,其它行业
600813,ST鞍一工,其它行业
600849,上药转换,其它行业
600852,*ST中川,其它行业
600899,*ST信联,其它行业
603022,新通联,其它行业
603023,威帝股份,其它行业
603026,石大胜华,其它行业
603108,润达医疗,其它行业
603116,红蜻蜓,其它行业
603198,迎驾贡酒,其它行业
603227,雪峰科技,其它行业
603300,海南华铁,其它行业
603311,金海高科,其它行业
603566,普莱柯,其它行业
603568,伟明环保,其它行业
603598,引力传媒,其它行业
603669,灵康药业,其它行业
603688,石英股份,其它行业
603718,*ST海利,其它行业
603885,吉祥航空,其它行业
603901,永创智能,其它行业
603918,金桥信息,其它行业
603968,醋化股份,其它行业
603989,艾华集团,其它行业
900901,云赛Ｂ股,其它行业
900902,市北B股,其它行业
900903,大众Ｂ股,其它行业
900904,神奇B股,其它行业
900905,老凤祥Ｂ,其它行业
900906,中毅达B,其它行业
900907,退市鹏B,其它行业
900908,氯碱Ｂ股,其它行业
900909,华谊B股,其它行业
900910,海立Ｂ股,其它行业
900911,金桥Ｂ股,其它行业
900912,外高Ｂ股,其它行业
900913,国新B股,其它行业
900914,锦在线B,其它行业
900915,ST中路B,其它行业
900916,凤凰B股,其它行业
900917,海欣Ｂ股,其它行业
900918,耀皮Ｂ股,其它行业
900919,退市庭B,其它行业
900920,动力Ｂ股,其它行业
900921,金煤B股,其它行业
900922,三毛B股,其它行业
900923,百联Ｂ股,其它行业
900924,上工Ｂ股,其它行业
900925,机电Ｂ股,其它行业
900926,宝信Ｂ,其它行业
900927,物贸Ｂ股,其它行业
900928,临港B股,其它行业
900929,锦旅Ｂ股,其它行业
900930,*ST沪普B,其它行业
900932,陆家Ｂ股,其它行业
900933,华新Ｂ股,其它行业
900934,锦江Ｂ股,其它行业
900935,阳晨Ｂ股,其它行业
900936,鄂资Ｂ股,其它行业
900937,华电B股,其它行业
900938,海科B,其它行业
900939,汇丽B,其它行业
900940,大名城B,其它行业
900941,东信Ｂ股,其它行业
900942,黄山Ｂ股,其它行业
900943,开开Ｂ股,其它行业
900945,海控B股,其它行业
900946,天雁B股,其它行业
900947,振华Ｂ股,其它行业
900948,伊泰Ｂ股,其它行业
900951,退市大化,其它行业
900952,退市锦B,其它行业
900953,凯马Ｂ,其它行业
900955,退市海B,其它行业
900956,东贝Ｂ股,其它行业
900957,*ST凌云B,其它行业
000003,PT金田A,其它行业
000013,*ST石化A,其它行业
000015,PT中浩A,其它行业
000047,ST中侨,其它行业
000405,ST鑫光,其它行业
000511,烯碳退,其它行业
000556,PT南洋,其它行业
000583,S*ST托普,其它行业
000658,ST海洋,其它行业
000660,*ST南华,其它行业
000675,ST银山,其它行业
000689,ST宏业,其它行业
000765,*ST华信,其它行业
000795,英洛华,其它行业
000832,*ST龙涤,其它行业
002088,鲁阳节能,其它行业
002297,博云新材,其它行业
002352,顺丰控股,其它行业
002710,慈铭体检,其它行业
002753,永东股份,其它行业
002755,奥赛康,其它行业
002756,永兴材料,其它行业
002757,南兴股份,其它行业
002758,浙农股份,其它行业
002759,ST天际,其它行业
200011,深物业B,其它行业
200012,南 玻Ｂ,其它行业
200016,*ST康佳B,其它行业
200017,深中华B,其它行业
200019,深粮B,其它行业
200020,深华发Ｂ,其它行业
200025,特 力Ｂ,其它行业
200026,飞亚达Ｂ,其它行业
200028,一致Ｂ,其它行业
200029,深深房Ｂ,其它行业
200030,富奥B,其它行业
200037,深南电B,其它行业
200045,深纺织Ｂ,其它行业
200055,方大Ｂ,其它行业
200056,*ST皇庭B,其它行业
200058,深赛格B,其它行业
200429,粤高速Ｂ,其它行业
200468,宁通信B,其它行业
200488,ST晨鸣B,其它行业
200505,京粮B,其它行业
200512,闽灿坤Ｂ,其它行业
200521,虹美菱B,其它行业
200530,冰山B,其它行业
200539,粤电力Ｂ,其它行业
200541,粤照明Ｂ,其它行业
200550,江 铃Ｂ,其它行业
200553,安道麦B,其它行业
200570,苏常柴Ｂ,其它行业
200581,苏威孚Ｂ,其它行业
200596,古井贡Ｂ,其它行业
200625,长 安Ｂ,其它行业
200706,瓦轴B,其它行业
200725,京东方Ｂ,其它行业
200726,鲁 泰Ｂ,其它行业
200761,本钢板Ｂ,其它行业
200869,张 裕Ｂ,其它行业
200992,中 鲁Ｂ,其它行业
300064,金刚退,其它行业
300073,当升科技,其它行业
300179,四方达,其它行业
300361,奥赛康,其它行业
300450,先导智能,其它行业
300451,创业慧康,其它行业
300452,山河药辅,其它行业
300453,三鑫医疗,其它行业
300455,航天智装,其它行业
300456,赛微电子,其它行业
300457,赢合科技,其它行业
300458,全志科技,其它行业
300459,汤姆猫,其它行业
300460,ST惠伦,其它行业
300461,田中精机,其它行业
300462,ST华铭,其它行业
300463,迈克生物,其它行业
300465,高伟达,其它行业
300466,赛摩智能,其它行业
300467,迅游科技,其它行业
300468,四方精创,其它行业
600143,金发科技,塑料制品
600146,退市环球,塑料制品
600444,国机通用,塑料制品
600458,时代新材,塑料制品
600589,大位科技,塑料制品
603806,福斯特,塑料制品
000407,胜利股份,塑料制品
000859,国风新材,塑料制品
000973,佛塑科技,塑料制品
002002,ST鸿达,塑料制品
002108,沧州明珠,塑料制品
002243,力合科创,塑料制品
002263,大东南,塑料制品
002324,普利特,塑料制品
002343,慈文传媒,塑料制品
002420,毅昌科技,塑料制品
002457,青龙管业,塑料制品
002464,众应退,塑料制品
002522,浙江众成,塑料制品
002585,双星新材,塑料制品
002641,公元股份,塑料制品
002676,顺威股份,塑料制品
002694,*ST顾地,塑料制品
002735,王子新材,塑料制品
300169,天晟新材,塑料制品
300198,*ST纳川,塑料制品
300218,安利股份,塑料制品
300221,银禧科技,塑料制品
300230,永利股份,塑料制品
300305,裕兴股份,塑料制品
300321,同大股份,塑料制品
300325,德威退,塑料制品
300393,中来股份,塑料制品
600217,中再资环,水泥行业
600318,新力金融,水泥行业
600425,青松建化,水泥行业
600449,宁夏建材,水泥行业
600539,狮头股份,水泥行业
600553,太行水泥,水泥行业
600585,海螺水泥,水泥行业
600668,尖峰集团,水泥行业
600678,ST金顶,水泥行业
600720,中交设计,水泥行业
600801,华新建材,水泥行业
600802,福建水泥,水泥行业
600881,亚泰集团,水泥行业
600883,博闻科技,水泥行业
601992,金隅集团,水泥行业
000401,金隅冀东,水泥行业
000546,金圆股份,水泥行业
000672,上峰材料,水泥行业
000789,万年青,水泥行业
000877,天山股份,水泥行业
000885,城发环境,水泥行业
000935,四川双马,水泥行业
002233,塔牌集团,水泥行业
002302,西部建设,水泥行业
002346,柘中股份,水泥行业
002619,*ST艾格,水泥行业
600073,光明肉业,食品行业
600186,莲花控股,食品行业
600191,华资实业,食品行业
600260,*ST凯乐,食品行业
600298,安琪酵母,食品行业
600300,维维股份,食品行业
600305,恒顺醋业,食品行业
600419,天润乳业,食品行业
600429,三元股份,食品行业
600597,光明乳业,食品行业
600695,退市绿庭,食品行业
600737,中粮糖业,食品行业
600866,星湖科技,食品行业
600872,中炬高新,食品行业
600873,梅花生物,食品行业
600887,伊利股份,食品行业
600962,国投中鲁,食品行业
603020,爱普股份,食品行业
603288,海天味业,食品行业
000019,深粮控股,食品行业
000529,广弘控股,食品行业
000639,ST西王,食品行业
000716,黑芝麻,食品行业
000796,凯撒旅业,食品行业
000848,承德露露,食品行业
000893,亚钾国际,食品行业
000895,双汇发展,食品行业
000911,*ST广糖,食品行业
000930,中粮科技,食品行业
000972,中基健康,食品行业
002216,三全食品,食品行业
002220,天宝退,食品行业
002286,保龄宝,食品行业
002329,皇氏集团,食品行业
002330,得利斯,食品行业
002387,维信诺,食品行业
002481,双塔食品,食品行业
002495,佳隆股份,食品行业
002507,涪陵榨菜,食品行业
002515,金字火腿,食品行业
002557,洽洽食品,食品行业
002568,百润股份,食品行业
002570,贝因美,食品行业
002582,好想你,食品行业
002604,龙力退,食品行业
002626,金达威,食品行业
002650,ST加加,食品行业
002661,克明食品,食品行业
002695,煌上煌,食品行业
002702,海欣食品,食品行业
002719,ST麦趣,食品行业
002726,ST龙大,食品行业
002732,燕塘乳业,食品行业
300138,晨光生物,食品行业
300146,汤臣倍健,食品行业
300149,睿智医药,食品行业
300175,朗源股份,食品行业
300401,花园生物,食品行业
920003,中诚咨询,次新股
920009,丹娜生物,次新股
920011,晨光电机,次新股
920012,创达新材,次新股
920015,锦华新材,次新股
920020,泰凯英,次新股
920022,世昌股份,次新股
920028,新恒泰,次新股
920035,精创电气,次新股
920036,觅睿科技,次新股
920038,森合高科,次新股
920045,蘅东光,次新股
920050,爱伦医疗,次新股
920055,隆源股份,次新股
920059,双英集团,次新股
920065,千岸科技,次新股
920069,普昂医疗,次新股
920072,科莱瑞迪,次新股
920076,国亮新材,次新股
920078,族兴新材,次新股
920079,乔路铭,次新股
920080,奥美森,次新股
920081,欧伦电气,次新股
920083,金戈新材,次新股
920086,科马材料,次新股
920091,大鹏工业,次新股
920093,信胜科技,次新股
920096,嘉晨智能,次新股
920100,三协电机,次新股
920107,恒兴股份,次新股
920117,龙鑫智能,次新股
920119,美德乐,次新股
920121,江天科技,次新股
920124,南特科技,次新股
920125,鸿仕达,次新股
920126,永大股份,次新股
920136,永励精密,次新股
920138,杰理科技,次新股
920156,海昌智能,次新股
920158,长江能科,次新股
920159,农大科技,次新股
920160,北矿检测,次新股
920161,龙辰科技,次新股
920165,珈凯生物,次新股
920166,海圣医疗,次新股
920168,通宝光电,次新股
920176,维琪科技,次新股
920177,恒道科技,次新股
920178,锐翔智能,次新股
920180,爱得科技,次新股
920181,赛英电子,次新股
920183,海菲曼,次新股
920186,中科仪,次新股
920187,通领科技,次新股
920188,悦龙科技,次新股
920189,康美特,次新股
920191,瑞尔竞达,次新股
920193,吉和昌,次新股
920200,振宏股份,次新股
920206,彩客科技,次新股
920211,新睿电子,次新股
920218,新天力,次新股
920220,朗信电气,次新股
920222,益坤电气,次新股
920238,长鹰硬科,次新股
920258,聚仁新材,次新股
920288,华大海天,次新股
601026,道生天合,次新股
601112,振石股份,次新股
603092,德力佳,次新股
603175,超颖电子,次新股
603248,锡华科技,次新股
603284,林平发展,次新股
603293,埃泰克,次新股
603334,丰倍生物,次新股
603352,至信股份,次新股
603370,华新精科,次新股
603376,大明电子,次新股
603402,陕西旅游,次新股
603407,长裕集团,次新股
603418,友升股份,次新股
603435,嘉德利,次新股
603459,红板科技,次新股
603468,津富士达,次新股
688635,长进光子,次新股
688712,北芯生命,次新股
688727,恒坤新材,次新股
688759,必贝特,次新股
688765,禾元生物,次新股
688781,视涯科技,次新股
688783,西安奕材,次新股
688785,恒运昌,次新股
688790,昂瑞微,次新股
688795,摩尔线程,次新股
688796,百奥赛图,次新股
688797,臻宝科技,次新股
688802,沐曦股份,次新股
688805,健信超导,次新股
688806,泰诺麦博,次新股
688807,优迅股份,次新股
688808,联讯仪器,次新股
688809,强一股份,次新股
688811,有研复材,次新股
688813,泰金新能,次新股
688816,易思维,次新股
688818,电科蓝天,次新股
688820,盛合晶微,次新股
688825,长鑫科技,次新股
688826,频准激光,次新股
688828,国仪公司,次新股
688835,C高凯,次新股
688836,宇树科技,次新股
001220,世盟股份,次新股
001232,嘉立创,次新股
001233,海安集团,次新股
001237,惠康科技,次新股
001248,华润新能,次新股
001257,盛龙股份,次新股
001280,中国铀业,次新股
001285,瑞立科密,次新股
001312,福恩股份,次新股
001325,元创股份,次新股
001365,天海电子,次新股
001369,双欣材料,次新股
001386,马可波罗,次新股
001393,维通利,次新股
001396,誉帆科技,次新股
001399,惠科股份,次新股
301449,天溯计量,次新股
301513,尚水智能,次新股
301531,春光集团,次新股
301563,云汉芯城,次新股
301575,艾芬达,次新股
301583,托伦斯,次新股
301584,建发致新,次新股
301599,理奇智能,次新股
301638,南网数字,次新股
301655,绿控传动,次新股
301656,联合动力,次新股
301666,大普微,次新股
301667,纳百川,次新股
301668,昊创瑞通,次新股
301669,高特电子,次新股
301677,欣兴工具,次新股
301680,固德电材,次新股
301682,宏明电子,次新股
301683,慧谷新材,次新股
301687,新广益,次新股
301696,三瑞智能,次新股
301707,展芯股份,次新股
301717,超纯应材,次新股
600062,华润双鹤,生物制药
600079,ST人福,生物制药
600080,ST金花,生物制药
600085,同仁堂,生物制药
600129,太极集团,生物制药
600161,天坛生物,生物制药
600196,复星医药,生物制药
600200,退市苏吴,生物制药
600201,生物股份,生物制药
600211,西藏药业,生物制药
600216,浙江医药,生物制药
600222,太龙药业,生物制药
600252,中恒集团,生物制药
600253,天方药业,生物制药
600267,海正药业,生物制药
600276,恒瑞医药,生物制药
600285,羚锐制药,生物制药
600329,达仁堂,生物制药
600332,白云山,生物制药
600351,亚宝药业,生物制药
600380,健康元,生物制药
600420,国药现代,生物制药
600422,昆药集团,生物制药
600436,片仔癀,生物制药
600466,*ST蓝光,生物制药
600479,千金药业,生物制药
600488,津药药业,生物制药
600513,联环药业,生物制药
600518,康美药业,生物制药
600521,华海药业,生物制药
600530,ST交昂,生物制药
600535,天士力,生物制药
600557,康缘药业,生物制药
600566,济川药业,生物制药
600572,康恩贝,生物制药
600594,益佰制药,生物制药
600613,神奇制药,生物制药
600645,中源协和,生物制药
600664,哈药股份,生物制药
600666,奥瑞德,生物制药
600671,天目药业,生物制药
600750,华润江中,生物制药
600771,广誉远,生物制药
600781,退市辅仁,生物制药
600789,鲁抗医药,生物制药
600812,华北制药,生物制药
600829,人民同泰,生物制药
600867,通化东宝,生物制药
600976,健民集团,生物制药
600993,马应龙,生物制药
603168,莎普爱思,生物制药
603222,济民健康,生物制药
603456,九洲药业,生物制药
603567,珍宝岛,生物制药
603998,方盛制药,生物制药
000004,国华退,生物制药
000078,ST海王,生物制药
000153,丰原药业,生物制药
000403,派林生物,生物制药
000423,东阿阿胶,生物制药
000513,丽珠集团,生物制药
000518,四环生物,生物制药
000522,白云山A,生物制药
000538,云南白药,生物制药
000566,海南海药,生物制药
000590,古汉医药,生物制药
000597,东北制药,生物制药
000606,顺利退,生物制药
000623,吉林敖东,生物制药
000650,仁和药业,生物制药
000661,长春高新,生物制药
000739,普洛药业,生物制药
000756,新华制药,生物制药
000766,通化金马,生物制药
000788,北大医药,生物制药
000790,华神科技,生物制药
000908,石药景峰,生物制药
000915,华特达因,生物制药
000919,金陵药业,生物制药
000952,广济药业,生物制药
000963,华东医药,生物制药
000989,九芝堂,生物制药
000999,华润三九,生物制药
002001,新 和 成,生物制药
002007,华兰生物,生物制药
002019,亿帆医药,生物制药
002020,京新药业,生物制药
002022,科华生物,生物制药
002030,达安基因,生物制药
002038,双鹭药业,生物制药
002099,海翔药业,生物制药
002107,沃华医药,生物制药
002118,*ST紫鑫,生物制药
002166,莱茵生物,生物制药
002198,ST嘉应,生物制药
002219,新里程,生物制药
002252,上海莱士,生物制药
002262,恩华药业,生物制药
002275,桂林三金,生物制药
002287,奇正藏药,生物制药
002294,信立泰,生物制药
002317,众生药业,生物制药
002332,仙琚制药,生物制药
002349,精华制药,生物制药
002365,永安药业,生物制药
002370,亚太药业,生物制药
002390,信邦制药,生物制药
002393,力生制药,生物制药
002399,海普瑞,生物制药
002412,汉森制药,生物制药
002422,科伦药业,生物制药
002424,ST百灵,生物制药
002433,太安退,生物制药
002437,誉衡药业,生物制药
002550,千红制药,生物制药
002566,益盛药业,生物制药
002603,以岭药业,生物制药
002644,佛慈制药,生物制药
002653,海思科,生物制药
002675,东诚药业,生物制药
002688,金河生物,生物制药
002693,双成药业,生物制药
002727,一心堂,生物制药
002728,特一药业,生物制药
002737,葵花药业,生物制药
002750,龙津退,生物制药
300006,莱美药业,生物制药
300009,安科生物,生物制药
300016,北陆药业,生物制药
300026,红日药业,生物制药
300039,上海凯宝,生物制药
300049,福瑞医科,生物制药
300086,康芝药业,生物制药
300110,华仁药业,生物制药
300119,瑞普生物,生物制药
300122,智飞生物,生物制药
300142,沃森生物,生物制药
300147,*ST香雪,生物制药
300158,振东制药,生物制药
300181,佐力药业,生物制药
300194,福安药业,生物制药
300199,翰宇药业,生物制药
300204,舒泰神,生物制药
300233,金城医药,生物制药
300239,东宝生物,生物制药
300254,仟源医药,生物制药
300255,常山药业,生物制药
300267,尔康制药,生物制药
300289,利德曼,生物制药
300294,博雅生物,生物制药
300357,我武生物,生物制药
300363,博腾股份,生物制药
300406,九强生物,生物制药
300436,广生堂,生物制药
300439,美康生物,生物制药
600056,中国医药,商业百货
600122,*ST宏图,商业百货
600136,ST明诚,商业百货
600280,中央商场,商业百货
600306,退市商城,商业百货
600327,大东方,商业百货
600361,创新新材,商业百货
600415,小商品城,商业百货
600511,国药股份,商业百货
600515,海南机场,商业百货
600628,新世界,商业百货
600631,百联股份,商业百货
600655,豫园股份,商业百货
600682,南京新百,商业百货
600693,东百集团,商业百货
600694,大商股份,商业百货
600697,欧亚集团,商业百货
600712,南宁百货,商业百货
600713,南京医药,商业百货
600723,首商股份,商业百货
600729,重百集团,商业百货
600738,丽尚国潮,商业百货
600753,ST海钦,商业百货
600774,汉商集团,商业百货
600778,友好集团,商业百货
600785,新华百货,商业百货
600790,轻纺城,商业百货
600814,杭州解百,商业百货
600821,金开新能,商业百货
600824,益民集团,商业百货
600827,百联股份,商业百货
600828,茂业商业,商业百货
600833,第一医药,商业百货
600838,上海九百,商业百货
600856,退市中天,商业百货
600857,宁波中百,商业百货
600858,银座股份,商业百货
600859,王府井,商业百货
600861,北京人力,商业百货
600865,百大集团,商业百货
600891,退市秋林,商业百货
600898,*ST美讯,商业百货
600998,九州通,商业百货
601010,ST文峰,商业百货
601116,三江购物,商业百货
601607,上海医药,商业百货
601933,永辉超市,商业百货
603123,翠微股份,商业百货
603368,柳药集团,商业百货
603883,老百姓,商业百货
603939,益丰药房,商业百货
000026,飞亚达,商业百货
000028,国药一致,商业百货
000062,深圳华强,商业百货
000408,藏格矿业,商业百货
000411,英特集团,商业百货
000416,*ST民控,商业百货
000417,合百集团,商业百货
000419,通程控股,商业百货
000501,武商集团,商业百货
000516,国际医学,商业百货
000560,我爱我家,商业百货
000564,供销大集,商业百货
000587,*ST金洲,商业百货
000591,太阳能,商业百货
000638,*ST万方,商业百货
000679,大连友谊,商业百货
000705,浙江震元,商业百货
000715,中兴商业,商业百货
000759,中百集团,商业百货
000785,居然智家,商业百货
000829,天音控股,商业百货
000882,华联股份,商业百货
000889,中嘉博创,商业百货
000906,浙商中拓,商业百货
000987,越秀资本,商业百货
002024,ST易购,商业百货
002187,广百股份,商业百货
002251,步步高,商业百货
002264,新 华 都,商业百货
002277,友阿股份,商业百货
002336,人乐退,商业百货
002344,海宁皮城,商业百货
002416,爱施德,商业百货
002419,天虹股份,商业百货
002441,众业达,商业百货
002462,嘉事堂,商业百货
002556,辉隆股份,商业百货
002561,徐家汇,商业百货
002589,瑞康医药,商业百货
002697,红旗连锁,商业百货
300022,吉峰科技,商业百货
300413,芒果超媒,商业百货
600002,齐鲁石化,石油行业
600028,中国石化,石油行业
600387,退市海越,石油行业
600583,海油工程,石油行业
600688,上海石化,石油行业
600759,ST洲际,石油行业
600871,石化油服,石油行业
601808,中海油服,石油行业
601857,中国石油,石油行业
603003,退市龙宇,石油行业
000059,华锦股份,石油行业
000096,广聚能源,石油行业
000159,国际实业,石油行业
000554,泰山石油,石油行业
000637,茂化实华,石油行业
000819,岳阳兴长,石油行业
002207,*ST准油,石油行业
002221,东华能源,石油行业
002554,惠博普,石油行业
002629,仁智股份,石油行业
300084,海默科技,石油行业
300157,新锦动力,石油行业
300164,通源石油,石油行业
300191,潜能恒信,石油行业
600145,退市新亿,陶瓷行业
600286,S*ST国瓷,陶瓷行业
603268,松发股份,陶瓷行业
002102,ST能特,陶瓷行业
002162,悦心健康,陶瓷行业
300089,文化退,陶瓷行业
300234,开尔新材,陶瓷行业
300409,道氏技术,陶瓷行业
600058,五矿发展,物资外贸
600120,浙江东方,物资外贸
600128,苏豪弘业,物资外贸
600153,建发股份,物资外贸
600241,时代万恒,物资外贸
600247,*ST成城,物资外贸
600250,南京商旅,物资外贸
600278,东方创业,物资外贸
600287,苏豪时尚,物资外贸
600382,广东明珠,物资外贸
600500,中化国际,物资外贸
600605,汇通能源,物资外贸
600704,物产中大,物资外贸
600739,辽宁成大,物资外贸
600755,厦门国贸,物资外贸
600822,上海物贸,物资外贸
600826,兰生股份,物资外贸
600981,苏豪汇鸿,物资外贸
000151,中成股份,物资外贸
000626,远大控股,物资外贸
002091,江苏国泰,物资外贸
600055,万东医疗,医疗器械
600297,广汇汽车,医疗器械
600587,新华医疗,医疗器械
600763,通策医疗,医疗器械
603309,维力医疗,医疗器械
000150,*ST宜康,医疗器械
002223,鱼跃医疗,医疗器械
002382,蓝帆医疗,医疗器械
002432,九安医疗,医疗器械
002551,尚荣医疗,医疗器械
002614,奥佳华,医疗器械
300003,乐普医疗,医疗器械
300015,爱尔眼科,医疗器械
300030,阳普医疗,医疗器械
300061,旗天科技,医疗器械
300171,东富龙,医疗器械
300206,理邦仪器,医疗器械
300216,千山退,医疗器械
300238,冠昊生物,医疗器械
300244,迪安诊断,医疗器械
300246,宝莱特,医疗器械
300247,融捷健康,医疗器械
300273,和佳退,医疗器械
300298,三诺生物,医疗器械
300314,戴维医疗,医疗器械
300318,博晖创新,医疗器械
300326,ST凯利,医疗器械
300347,泰格医药,医疗器械
300396,ST迪瑞,医疗器械
300404,博济医药,医疗器械
300412,迦南科技,医疗器械
600366,宁波韵升,仪器仪表
600651,飞乐音响,仪器仪表
600848,上海临港,仪器仪表
601222,林洋能源,仪器仪表
601567,三星电气,仪器仪表
603100,川仪股份,仪器仪表
000676,智度股份,仪器仪表
000980,众泰汽车,仪器仪表
000988,华工科技,仪器仪表
002008,大族激光,仪器仪表
002058,紫竹高科,仪器仪表
002121,科陆电子,仪器仪表
002175,*ST东智,仪器仪表
002197,证通电子,仪器仪表
002214,大立科技,仪器仪表
002236,大华股份,仪器仪表
002338,奥普光电,仪器仪表
002356,鹏飞绿能,仪器仪表
002414,高德红外,仪器仪表
002415,海康威视,仪器仪表
002518,科士达,仪器仪表
002527,新时达,仪器仪表
002658,雪迪龙,仪器仪表
300007,汉威科技,仪器仪表
300012,华测检测,仪器仪表
300066,三川智慧,仪器仪表
300097,智云股份,仪器仪表
300099,尤洛卡,仪器仪表
300105,龙源技术,仪器仪表
300112,万讯自控,仪器仪表
300124,汇川技术,仪器仪表
300137,先河环保,仪器仪表
300165,天瑞仪器,仪器仪表
300203,聚光科技,仪器仪表
300259,新天科技,仪器仪表
300286,安科瑞,仪器仪表
300306,远方信息,仪器仪表
300338,*ST开元,仪器仪表
300349,金卡智能,仪器仪表
300354,东华测试,仪器仪表
300360,炬华科技,仪器仪表
300370,安控科技,仪器仪表
300371,汇中股份,仪器仪表
300410,正业科技,仪器仪表
300416,苏试试验,仪器仪表
300417,南华仪器,仪器仪表
300430,*ST益通,仪器仪表
300445,康斯特,仪器仪表
600210,紫江企业,印刷包装
600836,*ST易连,印刷包装
600880,博瑞传播,印刷包装
601515,衢州东峰,印刷包装
603729,ST龙韵,印刷包装
000659,珠海中富,印刷包装
000673,当代退,印刷包装
000812,陕西金叶,印刷包装
002117,东港股份,印刷包装
002191,劲嘉股份,印刷包装
002228,合兴包装,印刷包装
002229,鸿博股份,印刷包装
002374,中锐股份,印刷包装
002400,省广集团,印刷包装
002599,盛通股份,印刷包装
002701,奥瑞金,印刷包装
002752,昇兴股份,印刷包装
300057,万顺新材,印刷包装
300058,蓝色光标,印刷包装
300071,福石控股,印刷包装
600111,北方稀土,有色金属
600139,*ST西源,有色金属
600205,S山东铝,有色金属
600219,南山铝业,有色金属
600255,鑫科材料,有色金属
600259,中稀有色,有色金属
600296,S兰铝,有色金属
600311,*ST荣华,有色金属
600331,宏达股份,有色金属
600338,西藏珠峰,有色金属
600362,江西铜业,有色金属
600390,五矿资本,有色金属
600432,退市吉恩,有色金属
600456,宝钛股份,有色金属
600459,贵研铂业,有色金属
600489,中金黄金,有色金属
600497,驰宏锌锗,有色金属
600531,豫光金铅,有色金属
600547,山东黄金,有色金属
600549,厦门钨业,有色金属
600595,中孚实业,有色金属
600673,东阳光,有色金属
600711,盛屯矿业,有色金属
600768,富邦新材,有色金属
600888,新疆众和,有色金属
600961,株冶集团,有色金属
601137,博威合金,有色金属
601168,西部矿业,有色金属
601600,中国铝业,有色金属
601677,明泰铝业,有色金属
601899,紫金矿业,有色金属
601958,金钼股份,有色金属
000060,中金岭南,有色金属
000426,兴业银锡,有色金属
000603,盛达资源,有色金属
000612,焦作万方,有色金属
000630,铜陵有色,有色金属
000657,中钨高新,有色金属
000697,炼石航空,有色金属
000751,锌业股份,有色金属
000758,中色股份,有色金属
000762,西藏矿业,有色金属
000807,云铝股份,有色金属
000831,中国稀土,有色金属
000878,云南铜业,有色金属
000960,锡业股份,有色金属
000962,东方钽业,有色金属
002082,ST万邦,有色金属
002114,罗平锌电,有色金属
002149,西部材料,有色金属
002155,湖南黄金,有色金属
002160,常铝股份,有色金属
002167,东方锆业,有色金属
002171,楚江新材,有色金属
002182,宝武镁业,有色金属
002203,海亮股份,有色金属
002237,恒邦股份,有色金属
002295,精艺股份,有色金属
002333,罗普斯金,有色金属
002340,格林美,有色金属
002378,章源钨业,有色金属
002379,宏桥控股,有色金属
002428,云南锗业,有色金属
002460,赣锋锂业,有色金属
002501,*ST利源,有色金属
002540,亚太科技,有色金属
002578,闽发铝业,有色金属
300034,钢研高纳,有色金属
600051,宁波联合,综合行业
600209,退市罗顿,综合行业
600212,绿能慧充,综合行业
600256,广汇能源,综合行业
600576,祥源文旅,综合行业
600603,广汇物流,综合行业
600614,退市鹏起,综合行业
600620,天宸股份,综合行业
600622,光大嘉宝,综合行业
600624,ST复华,综合行业
600647,退市同达,综合行业
600656,退市博元,综合行业
600687,退市刚泰,综合行业
600701,退市工新,综合行业
600730,*ST高科,综合行业
600770,综艺股份,综合行业
600777,新潮能源,综合行业
600800,渤海化学,综合行业
600805,悦达投资,综合行业
600811,*ST东方,综合行业
600832,东方明珠,综合行业
600846,同济科技,综合行业
600892,大晟文化,综合行业
000008,神州高铁,综合行业
000301,东方盛虹,综合行业
000576,甘化科工,综合行业
000632,ST三木,综合行业
000633,合金投资,综合行业
000652,泰达股份,综合行业
000701,厦门信达,综合行业
000839,国安股份,综合行业
000881,中广核技,综合行业
000909,*ST数源,综合行业
600069,退市银鸽,造纸行业
600103,青山纸业,造纸行业
600163,中闽能源,造纸行业
600235,民丰特纸,造纸行业
600308,华泰股份,造纸行业
600356,恒丰纸业,造纸行业
600433,冠豪高新,造纸行业
600462,退市九有,造纸行业
600567,山鹰国际,造纸行业
600793,宜宾纸业,造纸行业
600963,岳阳林纸,造纸行业
600966,博汇纸业,造纸行业
000488,ST晨鸣,造纸行业
000815,美利云,造纸行业
000820,神雾节能,造纸行业
000833,粤桂股份,造纸行业
002012,凯恩股份,造纸行业
002067,景兴纸业,造纸行业
002078,太阳纸业,造纸行业
002235,安妮股份,造纸行业
002303,美盈森,造纸行业
002511,中顺洁柔,造纸行业
002521,齐峰新材,造纸行业
002565,顺灏股份,造纸行业
